 Image postgres:17 Pulling 
 bf7af0229701 Pulling fs layer 0B
 639367129460 Pulling fs layer 0B
 e40fd1d2ec35 Pulling fs layer 0B
 b7dc84d6a4aa Pulling fs layer 0B
 c9c6f60102f8 Pulling fs layer 0B
 77e21c5caf16 Pulling fs layer 0B
 db5f4502682d Pulling fs layer 0B
 c9bb874831b5 Pulling fs layer 0B
 b5062ef65109 Pulling fs layer 0B
 232aaadd6958 Pulling fs layer 0B
 c6154fb0eb00 Pulling fs layer 0B
 a9d76beabaee Pulling fs layer 0B
 6a4fdeb764c3 Pulling fs layer 0B
 7a3d617a86b0 Pulling fs layer 0B
 0ce00f052b08 Download complete 0B
 639367129460 Download complete 0B
 c6154fb0eb00 Download complete 0B
 e40fd1d2ec35 Download complete 0B
 c9bb874831b5 Download complete 0B
 232aaadd6958 Download complete 0B
 7a3d617a86b0 Download complete 0B
 b5062ef65109 Download complete 0B
 c9c6f60102f8 Download complete 0B
 bf7af0229701 Downloading 1.049MB
 bf7af0229701 Downloading 1.049MB
 099eb6d96a4e Downloading 1.049MB
 bf7af0229701 Downloading 1.049MB
 bf7af0229701 Downloading 2.097MB
 099eb6d96a4e Downloading 1.049MB
 77e21c5caf16 Downloading 1.049MB
 db5f4502682d Download complete 0B
 bf7af0229701 Downloading 3.146MB
 099eb6d96a4e Downloading 2.097MB
 77e21c5caf16 Downloading 1.049MB
 77e21c5caf16 Downloading 1.049MB
 bf7af0229701 Downloading 3.146MB
 6a4fdeb764c3 Downloading 1.049MB
 099eb6d96a4e Downloading 2.097MB
 099eb6d96a4e Downloading 3.146MB
 77e21c5caf16 Downloading 1.049MB
 bf7af0229701 Downloading 4.194MB
 6a4fdeb764c3 Downloading 1.049MB
 099eb6d96a4e Downloading 3.146MB
 77e21c5caf16 Downloading 1.049MB
 bf7af0229701 Downloading 5.243MB
 6a4fdeb764c3 Downloading 1.049MB
 bf7af0229701 Downloading 5.243MB
 6a4fdeb764c3 Downloading 2.097MB
 099eb6d96a4e Downloading 3.146MB
 77e21c5caf16 Downloading 1.049MB
 099eb6d96a4e Downloading 4.194MB
 77e21c5caf16 Downloading 1.049MB
 bf7af0229701 Downloading 6.291MB
 6a4fdeb764c3 Downloading 2.097MB
 099eb6d96a4e Downloading 4.194MB
 77e21c5caf16 Downloading 1.049MB
 bf7af0229701 Downloading 7.34MB
 6a4fdeb764c3 Downloading 2.097MB
 bf7af0229701 Downloading 8.389MB
 6a4fdeb764c3 Downloading 3.146MB
 099eb6d96a4e Downloading 5.243MB
 77e21c5caf16 Downloading 1.049MB
 a9d76beabaee Downloading 1.049MB
 bf7af0229701 Downloading 8.389MB
 6a4fdeb764c3 Downloading 3.146MB
 099eb6d96a4e Downloading 5.243MB
 77e21c5caf16 Downloading 2.097MB
 a9d76beabaee Downloading 1.049MB
 77e21c5caf16 Downloading 2.097MB
 a9d76beabaee Download complete 0B
 bf7af0229701 Downloading 9.437MB
 6a4fdeb764c3 Downloading 3.146MB
 099eb6d96a4e Download complete 0B
 bf7af0229701 Downloading 10.49MB
 6a4fdeb764c3 Downloading 4.194MB
 77e21c5caf16 Downloading 2.097MB
 bf7af0229701 Downloading 10.49MB
 6a4fdeb764c3 Downloading 4.194MB
 77e21c5caf16 Downloading 3.146MB
 77e21c5caf16 Downloading 3.146MB
 bf7af0229701 Downloading 11.53MB
 6a4fdeb764c3 Downloading 5.243MB
 bf7af0229701 Downloading 12.58MB
 6a4fdeb764c3 Downloading 5.243MB
 77e21c5caf16 Downloading 4.194MB
 bf7af0229701 Downloading 13.63MB
 6a4fdeb764c3 Downloading 5.243MB
 77e21c5caf16 Downloading 4.194MB
 77e21c5caf16 Downloading 5.243MB
 bf7af0229701 Downloading 14.68MB
 6a4fdeb764c3 Downloading 6.291MB
 77e21c5caf16 Downloading 5.243MB
 bf7af0229701 Downloading 15.73MB
 6a4fdeb764c3 Downloading 6.291MB
 b7dc84d6a4aa Downloading 1.049MB
 77e21c5caf16 Downloading 5.243MB
 bf7af0229701 Downloading 15.73MB
 6a4fdeb764c3 Downloading 6.291MB
 77e21c5caf16 Downloading 6.291MB
 bf7af0229701 Downloading 16.78MB
 6a4fdeb764c3 Downloading 6.291MB
 b7dc84d6a4aa Downloading 1.049MB
 77e21c5caf16 Downloading 6.291MB
 bf7af0229701 Downloading 17.83MB
 6a4fdeb764c3 Downloading 6.291MB
 b7dc84d6a4aa Downloading 1.049MB
 bf7af0229701 Downloading 18.87MB
 6a4fdeb764c3 Downloading 6.291MB
 b7dc84d6a4aa Downloading 1.049MB
 77e21c5caf16 Downloading 7.34MB
 b7dc84d6a4aa Downloading 1.049MB
 77e21c5caf16 Downloading 8.389MB
 bf7af0229701 Downloading 19.92MB
 6a4fdeb764c3 Downloading 6.291MB
 bf7af0229701 Downloading 20.97MB
 6a4fdeb764c3 Downloading 6.291MB
 b7dc84d6a4aa Downloading 1.049MB
 77e21c5caf16 Downloading 8.389MB
 bf7af0229701 Downloading 22.02MB
 6a4fdeb764c3 Downloading 6.291MB
 b7dc84d6a4aa Downloading 1.049MB
 77e21c5caf16 Downloading 9.437MB
 bf7af0229701 Downloading 24.12MB
 6a4fdeb764c3 Downloading 6.291MB
 b7dc84d6a4aa Downloading 1.049MB
 77e21c5caf16 Downloading 9.437MB
 b7dc84d6a4aa Downloading 1.049MB
 77e21c5caf16 Downloading 10.49MB
 bf7af0229701 Downloading 25.17MB
 6a4fdeb764c3 Downloading 6.291MB
 b7dc84d6a4aa Downloading 1.049MB
 77e21c5caf16 Downloading 10.49MB
 bf7af0229701 Downloading 26.21MB
 6a4fdeb764c3 Downloading 6.291MB
 bf7af0229701 Downloading 27.26MB
 6a4fdeb764c3 Downloading 6.291MB
 b7dc84d6a4aa Downloading 1.049MB
 77e21c5caf16 Downloading 11.53MB
 b7dc84d6a4aa Downloading 1.049MB
 77e21c5caf16 Downloading 11.53MB
 bf7af0229701 Downloading 28.31MB
 6a4fdeb764c3 Downloading 6.291MB
 b7dc84d6a4aa Downloading 1.049MB
 77e21c5caf16 Downloading 11.53MB
 bf7af0229701 Download complete 0B
 6a4fdeb764c3 Downloading 6.291MB
 bf7af0229701 Extracting 1B
 6a4fdeb764c3 Downloading 7.34MB
 b7dc84d6a4aa Downloading 1.049MB
 77e21c5caf16 Downloading 11.53MB
 bf7af0229701 Extracting 1B
 77e21c5caf16 Downloading 11.53MB
 6a4fdeb764c3 Downloading 7.34MB
 b7dc84d6a4aa Downloading 1.049MB
 bf7af0229701 Extracting 1B
 b7dc84d6a4aa Downloading 1.049MB
 77e21c5caf16 Downloading 12.58MB
 6a4fdeb764c3 Downloading 7.34MB
 bf7af0229701 Extracting 1B
 6a4fdeb764c3 Downloading 7.34MB
 b7dc84d6a4aa Downloading 1.049MB
 77e21c5caf16 Downloading 12.58MB
 bf7af0229701 Extracting 1B
 6a4fdeb764c3 Downloading 7.34MB
 b7dc84d6a4aa Downloading 1.049MB
 77e21c5caf16 Downloading 12.58MB
 bf7af0229701 Extracting 1B
 6a4fdeb764c3 Downloading 7.34MB
 b7dc84d6a4aa Downloading 1.049MB
 77e21c5caf16 Downloading 13.63MB
 bf7af0229701 Extracting 1B
 77e21c5caf16 Downloading 13.63MB
 6a4fdeb764c3 Downloading 7.34MB
 b7dc84d6a4aa Downloading 1.049MB
 bf7af0229701 Extracting 1B
 b7dc84d6a4aa Downloading 1.049MB
 77e21c5caf16 Downloading 13.63MB
 6a4fdeb764c3 Downloading 7.34MB
 639367129460 Pull complete 0B
 bf7af0229701 Pull complete 0B
 6a4fdeb764c3 Downloading 7.34MB
 b7dc84d6a4aa Downloading 1.049MB
 77e21c5caf16 Downloading 14.68MB
 77e21c5caf16 Downloading 14.68MB
 6a4fdeb764c3 Downloading 7.34MB
 b7dc84d6a4aa Downloading 1.049MB
 6a4fdeb764c3 Downloading 7.34MB
 b7dc84d6a4aa Downloading 1.049MB
 77e21c5caf16 Downloading 14.68MB
 77e21c5caf16 Downloading 14.68MB
 6a4fdeb764c3 Downloading 7.34MB
 b7dc84d6a4aa Downloading 2.097MB
 77e21c5caf16 Downloading 14.68MB
 6a4fdeb764c3 Downloading 7.34MB
 b7dc84d6a4aa Downloading 2.097MB
 6a4fdeb764c3 Downloading 7.34MB
 b7dc84d6a4aa Downloading 2.097MB
 77e21c5caf16 Downloading 14.68MB
 6a4fdeb764c3 Downloading 7.34MB
 b7dc84d6a4aa Downloading 2.097MB
 77e21c5caf16 Downloading 15.73MB
 6a4fdeb764c3 Downloading 7.34MB
 b7dc84d6a4aa Downloading 2.097MB
 77e21c5caf16 Downloading 15.73MB
 b7dc84d6a4aa Downloading 2.097MB
 77e21c5caf16 Downloading 15.73MB
 6a4fdeb764c3 Downloading 7.34MB
 6a4fdeb764c3 Downloading 7.34MB
 b7dc84d6a4aa Downloading 2.097MB
 77e21c5caf16 Downloading 16.39MB
 6a4fdeb764c3 Downloading 8.069MB
 b7dc84d6a4aa Downloading 2.097MB
 77e21c5caf16 Downloading 16.78MB
 b7dc84d6a4aa Downloading 2.097MB
 77e21c5caf16 Downloading 16.78MB
 6a4fdeb764c3 Download complete 0B
 b7dc84d6a4aa Downloading 2.097MB
 77e21c5caf16 Downloading 16.78MB
 b7dc84d6a4aa Downloading 2.097MB
 77e21c5caf16 Downloading 16.78MB
 b7dc84d6a4aa Downloading 2.097MB
 77e21c5caf16 Downloading 16.78MB
 b7dc84d6a4aa Downloading 2.097MB
 77e21c5caf16 Downloading 17.83MB
 77e21c5caf16 Downloading 17.83MB
 b7dc84d6a4aa Downloading 2.097MB
 77e21c5caf16 Downloading 17.83MB
 b7dc84d6a4aa Downloading 2.097MB
 b7dc84d6a4aa Downloading 2.097MB
 77e21c5caf16 Downloading 17.83MB
 b7dc84d6a4aa Downloading 2.097MB
 77e21c5caf16 Downloading 18.87MB
 77e21c5caf16 Downloading 18.87MB
 b7dc84d6a4aa Downloading 2.097MB
 b7dc84d6a4aa Downloading 2.097MB
 77e21c5caf16 Downloading 18.87MB
 b7dc84d6a4aa Downloading 2.097MB
 77e21c5caf16 Downloading 18.87MB
 77e21c5caf16 Downloading 18.87MB
 b7dc84d6a4aa Downloading 2.097MB
 b7dc84d6a4aa Downloading 2.097MB
 77e21c5caf16 Downloading 19.92MB
 77e21c5caf16 Downloading 19.92MB
 b7dc84d6a4aa Downloading 2.097MB
 77e21c5caf16 Downloading 19.92MB
 b7dc84d6a4aa Downloading 2.097MB
 b7dc84d6a4aa Downloading 2.097MB
 77e21c5caf16 Downloading 19.92MB
 77e21c5caf16 Downloading 19.92MB
 b7dc84d6a4aa Downloading 2.097MB
 b7dc84d6a4aa Downloading 2.097MB
 77e21c5caf16 Downloading 19.92MB
 b7dc84d6a4aa Downloading 2.097MB
 77e21c5caf16 Downloading 19.92MB
 b7dc84d6a4aa Downloading 2.097MB
 77e21c5caf16 Downloading 20.97MB
 77e21c5caf16 Downloading 20.97MB
 b7dc84d6a4aa Downloading 2.097MB
 b7dc84d6a4aa Downloading 2.097MB
 77e21c5caf16 Downloading 20.97MB
 b7dc84d6a4aa Downloading 2.097MB
 77e21c5caf16 Downloading 20.97MB
 77e21c5caf16 Downloading 20.97MB
 b7dc84d6a4aa Downloading 2.097MB
 b7dc84d6a4aa Downloading 3.146MB
 77e21c5caf16 Downloading 20.97MB
 b7dc84d6a4aa Downloading 3.146MB
 77e21c5caf16 Downloading 22.02MB
 b7dc84d6a4aa Downloading 3.146MB
 77e21c5caf16 Downloading 22.02MB
 b7dc84d6a4aa Downloading 3.146MB
 77e21c5caf16 Downloading 22.02MB
 b7dc84d6a4aa Downloading 3.146MB
 77e21c5caf16 Downloading 22.02MB
 77e21c5caf16 Downloading 22.02MB
 b7dc84d6a4aa Downloading 3.146MB
 77e21c5caf16 Downloading 22.02MB
 b7dc84d6a4aa Downloading 3.146MB
 b7dc84d6a4aa Downloading 3.146MB
 77e21c5caf16 Downloading 22.02MB
 77e21c5caf16 Downloading 22.02MB
 b7dc84d6a4aa Downloading 3.146MB
 b7dc84d6a4aa Downloading 3.146MB
 77e21c5caf16 Downloading 22.02MB
 77e21c5caf16 Downloading 22.02MB
 b7dc84d6a4aa Downloading 3.146MB
 b7dc84d6a4aa Downloading 3.146MB
 77e21c5caf16 Downloading 22.02MB
 77e21c5caf16 Downloading 22.02MB
 b7dc84d6a4aa Downloading 3.146MB
 77e21c5caf16 Downloading 22.02MB
 b7dc84d6a4aa Downloading 3.146MB
 b7dc84d6a4aa Downloading 3.146MB
 77e21c5caf16 Downloading 23.07MB
 b7dc84d6a4aa Downloading 3.146MB
 77e21c5caf16 Downloading 23.07MB
 77e21c5caf16 Downloading 23.07MB
 b7dc84d6a4aa Downloading 3.146MB
 77e21c5caf16 Downloading 23.07MB
 b7dc84d6a4aa Downloading 3.146MB
 b7dc84d6a4aa Downloading 3.146MB
 77e21c5caf16 Downloading 23.07MB
 b7dc84d6a4aa Downloading 3.146MB
 77e21c5caf16 Downloading 23.07MB
 b7dc84d6a4aa Downloading 3.146MB
 77e21c5caf16 Downloading 23.07MB
 77e21c5caf16 Downloading 23.07MB
 b7dc84d6a4aa Downloading 3.146MB
 b7dc84d6a4aa Downloading 3.146MB
 77e21c5caf16 Downloading 23.07MB
 b7dc84d6a4aa Downloading 3.146MB
 77e21c5caf16 Downloading 24.12MB
 b7dc84d6a4aa Downloading 3.146MB
 77e21c5caf16 Downloading 24.12MB
 b7dc84d6a4aa Downloading 3.146MB
 77e21c5caf16 Downloading 24.12MB
 77e21c5caf16 Downloading 24.12MB
 b7dc84d6a4aa Downloading 3.146MB
 b7dc84d6a4aa Downloading 3.146MB
 77e21c5caf16 Downloading 24.12MB
 b7dc84d6a4aa Downloading 3.146MB
 77e21c5caf16 Downloading 24.12MB
 b7dc84d6a4aa Downloading 3.146MB
 77e21c5caf16 Downloading 24.12MB
 77e21c5caf16 Downloading 24.12MB
 b7dc84d6a4aa Downloading 3.146MB
 b7dc84d6a4aa Downloading 3.146MB
 77e21c5caf16 Downloading 24.12MB
 b7dc84d6a4aa Downloading 3.146MB
 77e21c5caf16 Downloading 24.12MB
 b7dc84d6a4aa Downloading 3.146MB
 77e21c5caf16 Downloading 24.12MB
 77e21c5caf16 Downloading 24.12MB
 b7dc84d6a4aa Downloading 3.146MB
 b7dc84d6a4aa Downloading 3.146MB
 77e21c5caf16 Downloading 24.12MB
 b7dc84d6a4aa Downloading 3.146MB
 77e21c5caf16 Downloading 24.12MB
 b7dc84d6a4aa Downloading 3.146MB
 77e21c5caf16 Downloading 24.12MB
 b7dc84d6a4aa Downloading 3.146MB
 77e21c5caf16 Downloading 24.12MB
 77e21c5caf16 Downloading 24.12MB
 b7dc84d6a4aa Downloading 3.146MB
 b7dc84d6a4aa Downloading 3.146MB
 77e21c5caf16 Downloading 24.12MB
 b7dc84d6a4aa Downloading 3.146MB
 77e21c5caf16 Downloading 24.12MB
 77e21c5caf16 Downloading 24.12MB
 b7dc84d6a4aa Downloading 3.146MB
 b7dc84d6a4aa Downloading 3.146MB
 77e21c5caf16 Downloading 24.12MB
 b7dc84d6a4aa Downloading 3.146MB
 77e21c5caf16 Downloading 25.17MB
 b7dc84d6a4aa Downloading 3.146MB
 77e21c5caf16 Downloading 25.17MB
 b7dc84d6a4aa Downloading 3.146MB
 77e21c5caf16 Downloading 25.17MB
 77e21c5caf16 Downloading 25.17MB
 b7dc84d6a4aa Downloading 3.146MB
 b7dc84d6a4aa Downloading 3.146MB
 77e21c5caf16 Downloading 25.17MB
 b7dc84d6a4aa Downloading 3.146MB
 77e21c5caf16 Downloading 25.17MB
 77e21c5caf16 Downloading 25.17MB
 b7dc84d6a4aa Downloading 3.146MB
 b7dc84d6a4aa Downloading 3.146MB
 77e21c5caf16 Downloading 25.17MB
 b7dc84d6a4aa Downloading 3.146MB
 77e21c5caf16 Downloading 25.17MB
 b7dc84d6a4aa Downloading 3.146MB
 77e21c5caf16 Downloading 25.17MB
 b7dc84d6a4aa Downloading 3.146MB
 77e21c5caf16 Downloading 25.17MB
 77e21c5caf16 Downloading 25.17MB
 b7dc84d6a4aa Downloading 3.146MB
 b7dc84d6a4aa Downloading 3.146MB
 77e21c5caf16 Downloading 25.17MB
 b7dc84d6a4aa Downloading 3.146MB
 77e21c5caf16 Downloading 25.17MB
 77e21c5caf16 Downloading 25.17MB
 b7dc84d6a4aa Downloading 3.146MB
 b7dc84d6a4aa Downloading 3.146MB
 77e21c5caf16 Downloading 25.17MB
 b7dc84d6a4aa Downloading 3.146MB
 77e21c5caf16 Downloading 25.17MB
 b7dc84d6a4aa Downloading 4.194MB
 77e21c5caf16 Downloading 25.17MB
 b7dc84d6a4aa Downloading 4.194MB
 77e21c5caf16 Downloading 25.17MB
 b7dc84d6a4aa Downloading 4.194MB
 77e21c5caf16 Downloading 25.17MB
 b7dc84d6a4aa Downloading 4.194MB
 77e21c5caf16 Downloading 25.17MB
 77e21c5caf16 Downloading 25.17MB
 b7dc84d6a4aa Downloading 4.194MB
 77e21c5caf16 Downloading 25.17MB
 b7dc84d6a4aa Downloading 4.194MB
 77e21c5caf16 Downloading 25.17MB
 b7dc84d6a4aa Downloading 4.194MB
 b7dc84d6a4aa Downloading 4.194MB
 77e21c5caf16 Downloading 25.17MB
 b7dc84d6a4aa Downloading 4.194MB
 77e21c5caf16 Downloading 25.17MB
 b7dc84d6a4aa Downloading 4.194MB
 77e21c5caf16 Downloading 25.17MB
 b7dc84d6a4aa Downloading 4.194MB
 77e21c5caf16 Downloading 25.17MB
 b7dc84d6a4aa Downloading 4.194MB
 77e21c5caf16 Downloading 25.17MB
 b7dc84d6a4aa Downloading 4.194MB
 77e21c5caf16 Downloading 25.17MB
 b7dc84d6a4aa Downloading 4.194MB
 77e21c5caf16 Downloading 25.17MB
 b7dc84d6a4aa Downloading 4.194MB
 77e21c5caf16 Downloading 25.17MB
 b7dc84d6a4aa Downloading 4.194MB
 77e21c5caf16 Downloading 25.17MB
 b7dc84d6a4aa Downloading 4.194MB
 77e21c5caf16 Downloading 25.17MB
 77e21c5caf16 Downloading 25.17MB
 b7dc84d6a4aa Downloading 4.194MB
 b7dc84d6a4aa Downloading 4.194MB
 77e21c5caf16 Downloading 25.17MB
 77e21c5caf16 Downloading 25.17MB
 b7dc84d6a4aa Downloading 4.194MB
 b7dc84d6a4aa Downloading 4.194MB
 77e21c5caf16 Downloading 25.17MB
 77e21c5caf16 Downloading 26.21MB
 b7dc84d6a4aa Downloading 4.194MB
 b7dc84d6a4aa Downloading 4.194MB
 77e21c5caf16 Downloading 26.21MB
 77e21c5caf16 Downloading 26.21MB
 b7dc84d6a4aa Downloading 4.194MB
 b7dc84d6a4aa Downloading 4.194MB
 77e21c5caf16 Downloading 26.21MB
 b7dc84d6a4aa Downloading 4.194MB
 77e21c5caf16 Downloading 26.21MB
 b7dc84d6a4aa Downloading 4.194MB
 77e21c5caf16 Downloading 26.21MB
 b7dc84d6a4aa Downloading 4.194MB
 77e21c5caf16 Downloading 26.21MB
 b7dc84d6a4aa Downloading 4.194MB
 77e21c5caf16 Downloading 26.21MB
 b7dc84d6a4aa Downloading 4.194MB
 77e21c5caf16 Downloading 26.21MB
 b7dc84d6a4aa Downloading 4.194MB
 77e21c5caf16 Downloading 26.21MB
 b7dc84d6a4aa Downloading 4.194MB
 77e21c5caf16 Downloading 26.21MB
 b7dc84d6a4aa Downloading 4.194MB
 77e21c5caf16 Downloading 26.21MB
 77e21c5caf16 Downloading 26.21MB
 b7dc84d6a4aa Downloading 4.194MB
 b7dc84d6a4aa Downloading 4.194MB
 77e21c5caf16 Downloading 26.21MB
 77e21c5caf16 Downloading 26.21MB
 b7dc84d6a4aa Downloading 4.194MB
 b7dc84d6a4aa Downloading 4.194MB
 77e21c5caf16 Downloading 26.21MB
 b7dc84d6a4aa Downloading 4.194MB
 77e21c5caf16 Downloading 26.21MB
 b7dc84d6a4aa Downloading 4.194MB
 77e21c5caf16 Downloading 26.21MB
 b7dc84d6a4aa Downloading 4.194MB
 77e21c5caf16 Downloading 26.21MB
 77e21c5caf16 Downloading 26.21MB
 b7dc84d6a4aa Downloading 4.194MB
 b7dc84d6a4aa Downloading 4.194MB
 77e21c5caf16 Downloading 26.21MB
 b7dc84d6a4aa Downloading 4.194MB
 77e21c5caf16 Downloading 26.21MB
 b7dc84d6a4aa Downloading 4.194MB
 77e21c5caf16 Downloading 26.21MB
 b7dc84d6a4aa Downloading 4.194MB
 77e21c5caf16 Downloading 26.21MB
 b7dc84d6a4aa Downloading 4.194MB
 77e21c5caf16 Downloading 26.21MB
 b7dc84d6a4aa Downloading 4.194MB
 77e21c5caf16 Downloading 26.21MB
 77e21c5caf16 Downloading 26.21MB
 b7dc84d6a4aa Downloading 4.194MB
 b7dc84d6a4aa Downloading 4.194MB
 77e21c5caf16 Downloading 26.21MB
 b7dc84d6a4aa Downloading 4.194MB
 77e21c5caf16 Downloading 26.21MB
 77e21c5caf16 Downloading 26.21MB
 b7dc84d6a4aa Downloading 4.194MB
 b7dc84d6a4aa Downloading 4.194MB
 77e21c5caf16 Downloading 26.21MB
 b7dc84d6a4aa Downloading 4.194MB
 77e21c5caf16 Downloading 26.21MB
 77e21c5caf16 Downloading 26.21MB
 b7dc84d6a4aa Downloading 4.194MB
 77e21c5caf16 Downloading 26.21MB
 b7dc84d6a4aa Downloading 4.194MB
 b7dc84d6a4aa Downloading 4.194MB
 77e21c5caf16 Downloading 26.21MB
 b7dc84d6a4aa Downloading 4.194MB
 77e21c5caf16 Downloading 26.21MB
 b7dc84d6a4aa Downloading 4.194MB
 77e21c5caf16 Downloading 26.21MB
 b7dc84d6a4aa Downloading 4.194MB
 77e21c5caf16 Downloading 26.21MB
 b7dc84d6a4aa Downloading 4.194MB
 77e21c5caf16 Downloading 26.21MB
 b7dc84d6a4aa Downloading 4.194MB
 77e21c5caf16 Downloading 26.21MB
 b7dc84d6a4aa Downloading 4.194MB
 77e21c5caf16 Downloading 26.21MB
 77e21c5caf16 Downloading 26.21MB
 b7dc84d6a4aa Downloading 4.194MB
 77e21c5caf16 Downloading 26.21MB
 b7dc84d6a4aa Downloading 4.194MB
 b7dc84d6a4aa Downloading 4.194MB
 77e21c5caf16 Downloading 26.21MB
 77e21c5caf16 Downloading 26.21MB
 b7dc84d6a4aa Downloading 4.194MB
 b7dc84d6a4aa Downloading 4.194MB
 77e21c5caf16 Downloading 26.21MB
 b7dc84d6a4aa Downloading 4.194MB
 77e21c5caf16 Downloading 26.21MB
 b7dc84d6a4aa Downloading 4.194MB
 77e21c5caf16 Downloading 26.21MB
 b7dc84d6a4aa Downloading 4.194MB
 77e21c5caf16 Downloading 26.21MB
 b7dc84d6a4aa Downloading 4.194MB
 77e21c5caf16 Downloading 26.21MB
 77e21c5caf16 Downloading 26.21MB
 b7dc84d6a4aa Downloading 4.194MB
 b7dc84d6a4aa Downloading 4.194MB
 77e21c5caf16 Downloading 26.21MB
 77e21c5caf16 Downloading 26.21MB
 b7dc84d6a4aa Downloading 4.194MB
 b7dc84d6a4aa Downloading 4.194MB
 77e21c5caf16 Downloading 26.21MB
 b7dc84d6a4aa Downloading 4.194MB
 77e21c5caf16 Downloading 26.21MB
 b7dc84d6a4aa Downloading 4.194MB
 77e21c5caf16 Downloading 26.21MB
 b7dc84d6a4aa Downloading 4.194MB
 77e21c5caf16 Downloading 26.21MB
 b7dc84d6a4aa Downloading 4.194MB
 77e21c5caf16 Downloading 26.21MB
 77e21c5caf16 Downloading 26.21MB
 b7dc84d6a4aa Downloading 4.194MB
 77e21c5caf16 Downloading 26.21MB
 b7dc84d6a4aa Downloading 5.243MB
 b7dc84d6a4aa Downloading 5.243MB
 77e21c5caf16 Downloading 26.21MB
 77e21c5caf16 Downloading 26.21MB
 b7dc84d6a4aa Downloading 5.243MB
 b7dc84d6a4aa Downloading 5.243MB
 77e21c5caf16 Downloading 26.21MB
 b7dc84d6a4aa Downloading 5.243MB
 77e21c5caf16 Downloading 26.21MB
 b7dc84d6a4aa Downloading 5.243MB
 77e21c5caf16 Downloading 26.21MB
 b7dc84d6a4aa Downloading 5.243MB
 77e21c5caf16 Downloading 26.21MB
 b7dc84d6a4aa Downloading 5.243MB
 77e21c5caf16 Downloading 26.21MB
 b7dc84d6a4aa Downloading 5.243MB
 77e21c5caf16 Downloading 26.21MB
 b7dc84d6a4aa Downloading 5.243MB
 77e21c5caf16 Downloading 26.21MB
 77e21c5caf16 Downloading 26.21MB
 b7dc84d6a4aa Downloading 5.243MB
 77e21c5caf16 Downloading 26.21MB
 b7dc84d6a4aa Downloading 5.243MB
 b7dc84d6a4aa Downloading 5.243MB
 77e21c5caf16 Downloading 26.21MB
 77e21c5caf16 Downloading 26.21MB
 b7dc84d6a4aa Downloading 5.243MB
 b7dc84d6a4aa Downloading 5.243MB
 77e21c5caf16 Downloading 26.21MB
 b7dc84d6a4aa Downloading 5.243MB
 77e21c5caf16 Downloading 26.21MB
 77e21c5caf16 Downloading 26.21MB
 b7dc84d6a4aa Downloading 5.243MB
 77e21c5caf16 Downloading 26.21MB
 b7dc84d6a4aa Downloading 5.243MB
 b7dc84d6a4aa Downloading 5.243MB
 77e21c5caf16 Downloading 26.21MB
 b7dc84d6a4aa Downloading 5.243MB
 77e21c5caf16 Downloading 26.21MB
 b7dc84d6a4aa Downloading 5.243MB
 77e21c5caf16 Downloading 26.21MB
 77e21c5caf16 Downloading 26.21MB
 b7dc84d6a4aa Downloading 5.243MB
 b7dc84d6a4aa Downloading 5.243MB
 77e21c5caf16 Downloading 26.21MB
 b7dc84d6a4aa Downloading 5.243MB
 77e21c5caf16 Downloading 27.26MB
 b7dc84d6a4aa Downloading 5.243MB
 77e21c5caf16 Downloading 27.26MB
 77e21c5caf16 Downloading 27.26MB
 b7dc84d6a4aa Downloading 5.243MB
 77e21c5caf16 Downloading 27.26MB
 b7dc84d6a4aa Downloading 5.243MB
 77e21c5caf16 Downloading 27.26MB
 b7dc84d6a4aa Downloading 5.243MB
 b7dc84d6a4aa Downloading 5.243MB
 77e21c5caf16 Downloading 27.26MB
 77e21c5caf16 Downloading 27.26MB
 b7dc84d6a4aa Downloading 5.243MB
 b7dc84d6a4aa Downloading 5.243MB
 77e21c5caf16 Downloading 27.26MB
 b7dc84d6a4aa Downloading 5.243MB
 77e21c5caf16 Downloading 27.26MB
 77e21c5caf16 Downloading 27.26MB
 b7dc84d6a4aa Downloading 5.243MB
 b7dc84d6a4aa Downloading 5.243MB
 77e21c5caf16 Downloading 27.26MB
 b7dc84d6a4aa Downloading 5.243MB
 77e21c5caf16 Downloading 27.26MB
 b7dc84d6a4aa Downloading 5.243MB
 77e21c5caf16 Downloading 27.26MB
 b7dc84d6a4aa Downloading 5.243MB
 77e21c5caf16 Downloading 27.26MB
 b7dc84d6a4aa Downloading 5.243MB
 77e21c5caf16 Downloading 27.26MB
 b7dc84d6a4aa Downloading 5.243MB
 77e21c5caf16 Downloading 27.26MB
 b7dc84d6a4aa Downloading 5.243MB
 77e21c5caf16 Downloading 27.26MB
 b7dc84d6a4aa Downloading 5.243MB
 77e21c5caf16 Downloading 27.26MB
 b7dc84d6a4aa Downloading 5.243MB
 77e21c5caf16 Downloading 27.26MB
 b7dc84d6a4aa Downloading 5.243MB
 77e21c5caf16 Downloading 27.26MB
 b7dc84d6a4aa Downloading 5.243MB
 77e21c5caf16 Downloading 27.26MB
 77e21c5caf16 Downloading 27.26MB
 b7dc84d6a4aa Downloading 5.243MB
 b7dc84d6a4aa Downloading 5.243MB
 77e21c5caf16 Downloading 27.26MB
 b7dc84d6a4aa Downloading 5.243MB
 77e21c5caf16 Downloading 27.26MB
 b7dc84d6a4aa Downloading 5.243MB
 77e21c5caf16 Downloading 27.26MB
 b7dc84d6a4aa Downloading 5.243MB
 77e21c5caf16 Downloading 27.26MB
 b7dc84d6a4aa Downloading 5.243MB
 77e21c5caf16 Downloading 27.26MB
 b7dc84d6a4aa Downloading 5.243MB
 77e21c5caf16 Downloading 27.26MB
 b7dc84d6a4aa Downloading 5.243MB
 77e21c5caf16 Downloading 27.26MB
 77e21c5caf16 Downloading 27.26MB
 b7dc84d6a4aa Downloading 5.243MB
 77e21c5caf16 Downloading 27.26MB
 b7dc84d6a4aa Downloading 5.243MB
 b7dc84d6a4aa Downloading 5.243MB
 77e21c5caf16 Downloading 27.26MB
 b7dc84d6a4aa Downloading 5.243MB
 77e21c5caf16 Downloading 27.26MB
 77e21c5caf16 Downloading 27.26MB
 b7dc84d6a4aa Downloading 5.243MB
 77e21c5caf16 Downloading 27.26MB
 b7dc84d6a4aa Download complete 0B
 b7dc84d6a4aa Extracting 1B
 77e21c5caf16 Downloading 27.26MB
 db5f4502682d Pull complete 0B
 b7dc84d6a4aa Pull complete 0B
 77e21c5caf16 Downloading 27.26MB
 6a4fdeb764c3 Extracting 1B
 77e21c5caf16 Downloading 27.26MB
 a9d76beabaee Extracting 1B
 6a4fdeb764c3 Pull complete 0B
 77e21c5caf16 Downloading 27.26MB
 7a3d617a86b0 Pull complete 0B
 c9c6f60102f8 Pull complete 0B
 a9d76beabaee Pull complete 0B
 77e21c5caf16 Downloading 27.26MB
 77e21c5caf16 Downloading 27.26MB
 77e21c5caf16 Downloading 27.26MB
 77e21c5caf16 Downloading 27.26MB
 77e21c5caf16 Downloading 27.26MB
 77e21c5caf16 Downloading 27.26MB
 77e21c5caf16 Downloading 27.26MB
 77e21c5caf16 Downloading 27.26MB
 77e21c5caf16 Downloading 27.26MB
 77e21c5caf16 Downloading 27.26MB
 77e21c5caf16 Downloading 27.26MB
 77e21c5caf16 Downloading 27.26MB
 77e21c5caf16 Downloading 27.26MB
 77e21c5caf16 Downloading 27.26MB
 77e21c5caf16 Downloading 27.26MB
 77e21c5caf16 Downloading 27.26MB
 77e21c5caf16 Downloading 27.26MB
 77e21c5caf16 Downloading 27.26MB
 77e21c5caf16 Downloading 28.31MB
 77e21c5caf16 Downloading 28.31MB
 77e21c5caf16 Downloading 28.31MB
 77e21c5caf16 Downloading 28.31MB
 77e21c5caf16 Downloading 28.31MB
 77e21c5caf16 Downloading 28.31MB
 77e21c5caf16 Downloading 28.31MB
 77e21c5caf16 Downloading 28.31MB
 77e21c5caf16 Downloading 28.31MB
 77e21c5caf16 Downloading 28.31MB
 77e21c5caf16 Downloading 28.31MB
 77e21c5caf16 Downloading 28.31MB
 77e21c5caf16 Downloading 28.31MB
 77e21c5caf16 Downloading 28.31MB
 77e21c5caf16 Downloading 28.31MB
 77e21c5caf16 Downloading 28.31MB
 77e21c5caf16 Downloading 28.31MB
 77e21c5caf16 Downloading 28.31MB
 77e21c5caf16 Downloading 28.31MB
 77e21c5caf16 Downloading 28.31MB
 77e21c5caf16 Downloading 28.31MB
 77e21c5caf16 Downloading 28.31MB
 77e21c5caf16 Downloading 28.31MB
 77e21c5caf16 Downloading 28.31MB
 77e21c5caf16 Downloading 28.31MB
 77e21c5caf16 Downloading 28.31MB
 77e21c5caf16 Downloading 28.31MB
 77e21c5caf16 Downloading 28.31MB
 77e21c5caf16 Downloading 28.31MB
 77e21c5caf16 Downloading 28.31MB
 77e21c5caf16 Downloading 28.31MB
 77e21c5caf16 Downloading 28.31MB
 77e21c5caf16 Downloading 28.31MB
 77e21c5caf16 Downloading 28.31MB
 77e21c5caf16 Downloading 28.31MB
 77e21c5caf16 Downloading 28.31MB
 77e21c5caf16 Downloading 28.31MB
 77e21c5caf16 Downloading 28.31MB
 77e21c5caf16 Downloading 28.31MB
 77e21c5caf16 Downloading 28.31MB
 77e21c5caf16 Downloading 29.36MB
 77e21c5caf16 Downloading 29.36MB
 77e21c5caf16 Downloading 29.36MB
 77e21c5caf16 Downloading 29.36MB
 77e21c5caf16 Downloading 29.36MB
 77e21c5caf16 Downloading 29.36MB
 77e21c5caf16 Downloading 29.36MB
 77e21c5caf16 Downloading 29.36MB
 77e21c5caf16 Downloading 29.36MB
 77e21c5caf16 Downloading 29.36MB
 77e21c5caf16 Downloading 29.36MB
 77e21c5caf16 Downloading 29.36MB
 77e21c5caf16 Downloading 29.36MB
 77e21c5caf16 Downloading 29.36MB
 77e21c5caf16 Downloading 29.36MB
 77e21c5caf16 Downloading 29.36MB
 77e21c5caf16 Downloading 29.36MB
 77e21c5caf16 Downloading 29.36MB
 77e21c5caf16 Downloading 29.36MB
 77e21c5caf16 Downloading 29.36MB
 77e21c5caf16 Downloading 29.36MB
 77e21c5caf16 Downloading 29.36MB
 77e21c5caf16 Downloading 29.36MB
 77e21c5caf16 Downloading 29.36MB
 77e21c5caf16 Downloading 29.36MB
 77e21c5caf16 Downloading 29.36MB
 77e21c5caf16 Downloading 29.36MB
 77e21c5caf16 Downloading 29.36MB
 77e21c5caf16 Downloading 29.36MB
 77e21c5caf16 Downloading 29.36MB
 77e21c5caf16 Downloading 29.36MB
 77e21c5caf16 Downloading 29.36MB
 77e21c5caf16 Downloading 29.36MB
 77e21c5caf16 Downloading 29.36MB
 77e21c5caf16 Downloading 29.36MB
 77e21c5caf16 Downloading 29.36MB
 77e21c5caf16 Downloading 29.36MB
 77e21c5caf16 Downloading 29.36MB
 77e21c5caf16 Downloading 29.36MB
 77e21c5caf16 Downloading 30.41MB
 77e21c5caf16 Downloading 30.41MB
 77e21c5caf16 Downloading 30.41MB
 77e21c5caf16 Downloading 30.41MB
 77e21c5caf16 Downloading 30.41MB
 77e21c5caf16 Downloading 30.41MB
 77e21c5caf16 Downloading 30.41MB
 77e21c5caf16 Downloading 30.41MB
 77e21c5caf16 Downloading 30.41MB
 77e21c5caf16 Downloading 30.41MB
 77e21c5caf16 Downloading 30.41MB
 77e21c5caf16 Downloading 30.41MB
 77e21c5caf16 Downloading 30.41MB
 77e21c5caf16 Downloading 30.41MB
 77e21c5caf16 Downloading 30.41MB
 77e21c5caf16 Downloading 30.41MB
 77e21c5caf16 Downloading 30.41MB
 77e21c5caf16 Downloading 30.41MB
 77e21c5caf16 Downloading 30.41MB
 77e21c5caf16 Downloading 30.41MB
 77e21c5caf16 Downloading 30.41MB
 77e21c5caf16 Downloading 30.41MB
 77e21c5caf16 Downloading 30.41MB
 77e21c5caf16 Downloading 30.41MB
 77e21c5caf16 Downloading 30.41MB
 77e21c5caf16 Downloading 30.41MB
 77e21c5caf16 Downloading 30.41MB
 77e21c5caf16 Downloading 30.41MB
 77e21c5caf16 Downloading 30.41MB
 77e21c5caf16 Downloading 30.41MB
 77e21c5caf16 Downloading 30.41MB
 77e21c5caf16 Downloading 30.41MB
 77e21c5caf16 Downloading 30.41MB
 77e21c5caf16 Downloading 30.41MB
 77e21c5caf16 Downloading 30.41MB
 77e21c5caf16 Downloading 30.41MB
 77e21c5caf16 Downloading 30.41MB
 77e21c5caf16 Downloading 30.41MB
 77e21c5caf16 Downloading 30.41MB
 77e21c5caf16 Downloading 30.41MB
 77e21c5caf16 Downloading 30.41MB
 77e21c5caf16 Downloading 30.41MB
 77e21c5caf16 Downloading 30.41MB
 77e21c5caf16 Downloading 30.41MB
 77e21c5caf16 Downloading 30.41MB
 77e21c5caf16 Downloading 30.41MB
 77e21c5caf16 Downloading 30.41MB
 77e21c5caf16 Downloading 31.46MB
 77e21c5caf16 Downloading 31.46MB
 77e21c5caf16 Downloading 31.46MB
 77e21c5caf16 Downloading 31.46MB
 77e21c5caf16 Downloading 31.46MB
 77e21c5caf16 Downloading 31.46MB
 77e21c5caf16 Downloading 31.46MB
 77e21c5caf16 Downloading 31.46MB
 77e21c5caf16 Downloading 31.46MB
 77e21c5caf16 Downloading 31.46MB
 77e21c5caf16 Downloading 31.46MB
 77e21c5caf16 Downloading 31.46MB
 77e21c5caf16 Downloading 31.46MB
 77e21c5caf16 Downloading 31.46MB
 77e21c5caf16 Downloading 31.46MB
 77e21c5caf16 Downloading 31.46MB
 77e21c5caf16 Downloading 31.46MB
 77e21c5caf16 Downloading 31.46MB
 77e21c5caf16 Downloading 31.46MB
 77e21c5caf16 Downloading 31.46MB
 77e21c5caf16 Downloading 31.46MB
 77e21c5caf16 Downloading 31.46MB
 77e21c5caf16 Downloading 31.46MB
 77e21c5caf16 Downloading 31.46MB
 77e21c5caf16 Downloading 31.46MB
 77e21c5caf16 Downloading 31.46MB
 77e21c5caf16 Downloading 31.46MB
 77e21c5caf16 Downloading 31.46MB
 77e21c5caf16 Downloading 31.46MB
 77e21c5caf16 Downloading 31.46MB
 77e21c5caf16 Downloading 31.46MB
 77e21c5caf16 Downloading 31.46MB
 77e21c5caf16 Downloading 31.46MB
 77e21c5caf16 Downloading 31.46MB
 77e21c5caf16 Downloading 31.46MB
 77e21c5caf16 Downloading 31.46MB
 77e21c5caf16 Downloading 31.46MB
 77e21c5caf16 Downloading 31.46MB
 77e21c5caf16 Downloading 31.46MB
 77e21c5caf16 Downloading 31.46MB
 77e21c5caf16 Downloading 31.46MB
 77e21c5caf16 Downloading 31.46MB
 77e21c5caf16 Downloading 31.46MB
 77e21c5caf16 Downloading 31.46MB
 77e21c5caf16 Downloading 31.46MB
 77e21c5caf16 Downloading 31.46MB
 77e21c5caf16 Downloading 31.46MB
 77e21c5caf16 Downloading 31.46MB
 77e21c5caf16 Downloading 31.46MB
 77e21c5caf16 Downloading 31.46MB
 77e21c5caf16 Downloading 31.46MB
 77e21c5caf16 Downloading 31.46MB
 77e21c5caf16 Downloading 31.46MB
 77e21c5caf16 Downloading 31.46MB
 77e21c5caf16 Downloading 31.46MB
 77e21c5caf16 Downloading 31.46MB
 77e21c5caf16 Downloading 31.46MB
 77e21c5caf16 Downloading 31.46MB
 77e21c5caf16 Downloading 31.46MB
 77e21c5caf16 Downloading 31.46MB
 77e21c5caf16 Downloading 31.46MB
 77e21c5caf16 Downloading 32.51MB
 77e21c5caf16 Downloading 32.51MB
 77e21c5caf16 Downloading 32.51MB
 77e21c5caf16 Downloading 32.51MB
 77e21c5caf16 Downloading 32.51MB
 77e21c5caf16 Downloading 32.51MB
 77e21c5caf16 Downloading 32.51MB
 77e21c5caf16 Downloading 32.51MB
 77e21c5caf16 Downloading 32.51MB
 77e21c5caf16 Downloading 32.51MB
 77e21c5caf16 Downloading 32.51MB
 77e21c5caf16 Downloading 32.51MB
 77e21c5caf16 Downloading 32.51MB
 77e21c5caf16 Downloading 32.51MB
 77e21c5caf16 Downloading 32.51MB
 77e21c5caf16 Downloading 32.51MB
 77e21c5caf16 Downloading 32.51MB
 77e21c5caf16 Downloading 32.51MB
 77e21c5caf16 Downloading 32.51MB
 77e21c5caf16 Downloading 32.51MB
 77e21c5caf16 Downloading 32.51MB
 77e21c5caf16 Downloading 32.51MB
 77e21c5caf16 Downloading 32.51MB
 77e21c5caf16 Downloading 32.51MB
 77e21c5caf16 Downloading 32.51MB
 77e21c5caf16 Downloading 32.51MB
 77e21c5caf16 Downloading 32.51MB
 77e21c5caf16 Downloading 32.51MB
 77e21c5caf16 Downloading 32.51MB
 77e21c5caf16 Downloading 32.51MB
 77e21c5caf16 Downloading 32.51MB
 77e21c5caf16 Downloading 32.51MB
 77e21c5caf16 Downloading 32.51MB
 77e21c5caf16 Downloading 32.51MB
 77e21c5caf16 Downloading 32.51MB
 77e21c5caf16 Downloading 32.51MB
 77e21c5caf16 Downloading 32.51MB
 77e21c5caf16 Downloading 32.51MB
 77e21c5caf16 Downloading 32.51MB
 77e21c5caf16 Downloading 32.51MB
 77e21c5caf16 Downloading 32.51MB
 77e21c5caf16 Downloading 32.51MB
 77e21c5caf16 Downloading 32.51MB
 77e21c5caf16 Downloading 32.51MB
 77e21c5caf16 Downloading 32.51MB
 77e21c5caf16 Downloading 32.51MB
 77e21c5caf16 Downloading 32.51MB
 77e21c5caf16 Downloading 32.51MB
 77e21c5caf16 Downloading 32.51MB
 77e21c5caf16 Downloading 32.51MB
 77e21c5caf16 Downloading 32.51MB
 77e21c5caf16 Downloading 32.51MB
 77e21c5caf16 Downloading 32.51MB
 77e21c5caf16 Downloading 32.51MB
 77e21c5caf16 Downloading 32.51MB
 77e21c5caf16 Downloading 32.51MB
 77e21c5caf16 Downloading 32.51MB
 77e21c5caf16 Downloading 32.51MB
 77e21c5caf16 Downloading 32.51MB
 77e21c5caf16 Downloading 32.51MB
 77e21c5caf16 Downloading 32.51MB
 77e21c5caf16 Downloading 32.51MB
 77e21c5caf16 Downloading 32.51MB
 77e21c5caf16 Downloading 32.51MB
 77e21c5caf16 Downloading 32.51MB
 77e21c5caf16 Downloading 32.51MB
 77e21c5caf16 Downloading 32.51MB
 77e21c5caf16 Downloading 32.51MB
 77e21c5caf16 Downloading 32.51MB
 77e21c5caf16 Downloading 32.51MB
 77e21c5caf16 Downloading 32.51MB
 77e21c5caf16 Downloading 32.51MB
 77e21c5caf16 Downloading 32.51MB
 77e21c5caf16 Downloading 32.51MB
 77e21c5caf16 Downloading 32.51MB
 77e21c5caf16 Downloading 32.51MB
 77e21c5caf16 Downloading 32.51MB
 77e21c5caf16 Downloading 32.51MB
 77e21c5caf16 Downloading 32.51MB
 77e21c5caf16 Downloading 32.51MB
 77e21c5caf16 Downloading 32.51MB
 77e21c5caf16 Downloading 32.51MB
 77e21c5caf16 Downloading 32.51MB
 77e21c5caf16 Downloading 32.51MB
 77e21c5caf16 Downloading 32.51MB
 77e21c5caf16 Downloading 32.51MB
 77e21c5caf16 Downloading 32.51MB
 77e21c5caf16 Downloading 32.51MB
 77e21c5caf16 Downloading 32.51MB
 77e21c5caf16 Downloading 32.51MB
 77e21c5caf16 Downloading 32.51MB
 77e21c5caf16 Downloading 32.51MB
 77e21c5caf16 Downloading 32.51MB
 77e21c5caf16 Downloading 32.51MB
 77e21c5caf16 Downloading 32.51MB
 77e21c5caf16 Downloading 32.51MB
 77e21c5caf16 Downloading 32.51MB
 77e21c5caf16 Downloading 32.51MB
 77e21c5caf16 Downloading 32.51MB
 77e21c5caf16 Downloading 32.51MB
 77e21c5caf16 Downloading 32.51MB
 77e21c5caf16 Downloading 32.51MB
 77e21c5caf16 Downloading 32.51MB
 77e21c5caf16 Downloading 32.51MB
 77e21c5caf16 Downloading 32.51MB
 77e21c5caf16 Downloading 32.51MB
 77e21c5caf16 Downloading 32.51MB
 77e21c5caf16 Downloading 32.51MB
 77e21c5caf16 Downloading 32.51MB
 77e21c5caf16 Downloading 32.51MB
 77e21c5caf16 Downloading 32.51MB
 77e21c5caf16 Downloading 32.51MB
 77e21c5caf16 Downloading 32.51MB
 77e21c5caf16 Downloading 32.51MB
 77e21c5caf16 Downloading 32.51MB
 77e21c5caf16 Downloading 32.51MB
 77e21c5caf16 Downloading 32.51MB
 77e21c5caf16 Downloading 32.51MB
 77e21c5caf16 Downloading 32.51MB
 77e21c5caf16 Downloading 32.51MB
 77e21c5caf16 Downloading 32.51MB
 77e21c5caf16 Downloading 32.51MB
 77e21c5caf16 Downloading 32.51MB
 77e21c5caf16 Downloading 32.51MB
 77e21c5caf16 Downloading 32.51MB
 77e21c5caf16 Downloading 32.51MB
 77e21c5caf16 Downloading 32.51MB
 77e21c5caf16 Downloading 33.55MB
 77e21c5caf16 Downloading 33.55MB
 77e21c5caf16 Downloading 33.55MB
 77e21c5caf16 Downloading 33.55MB
 77e21c5caf16 Downloading 33.55MB
 77e21c5caf16 Downloading 33.55MB
 77e21c5caf16 Downloading 33.55MB
 77e21c5caf16 Downloading 33.55MB
 77e21c5caf16 Downloading 33.55MB
 77e21c5caf16 Downloading 33.55MB
 77e21c5caf16 Downloading 33.55MB
 77e21c5caf16 Downloading 33.55MB
 77e21c5caf16 Downloading 33.55MB
 77e21c5caf16 Downloading 33.55MB
 77e21c5caf16 Downloading 33.55MB
 77e21c5caf16 Downloading 33.55MB
 77e21c5caf16 Downloading 33.55MB
 77e21c5caf16 Downloading 33.55MB
 77e21c5caf16 Downloading 33.55MB
 77e21c5caf16 Downloading 33.55MB
 77e21c5caf16 Downloading 33.55MB
 77e21c5caf16 Downloading 33.55MB
 77e21c5caf16 Downloading 33.55MB
 77e21c5caf16 Downloading 33.55MB
 77e21c5caf16 Downloading 33.55MB
 77e21c5caf16 Downloading 33.55MB
 77e21c5caf16 Downloading 33.55MB
 77e21c5caf16 Downloading 33.55MB
 77e21c5caf16 Downloading 33.55MB
 77e21c5caf16 Downloading 33.55MB
 77e21c5caf16 Downloading 34.6MB
 77e21c5caf16 Downloading 34.6MB
 77e21c5caf16 Downloading 34.6MB
 77e21c5caf16 Downloading 34.6MB
 77e21c5caf16 Downloading 34.6MB
 77e21c5caf16 Downloading 34.6MB
 77e21c5caf16 Downloading 34.6MB
 77e21c5caf16 Downloading 34.6MB
 77e21c5caf16 Downloading 34.6MB
 77e21c5caf16 Downloading 34.6MB
 77e21c5caf16 Downloading 34.6MB
 77e21c5caf16 Downloading 34.6MB
 77e21c5caf16 Downloading 34.6MB
 77e21c5caf16 Downloading 34.6MB
 77e21c5caf16 Downloading 34.6MB
 77e21c5caf16 Downloading 34.6MB
 77e21c5caf16 Downloading 34.6MB
 77e21c5caf16 Downloading 34.6MB
 77e21c5caf16 Downloading 35.65MB
 77e21c5caf16 Downloading 35.65MB
 77e21c5caf16 Downloading 35.65MB
 77e21c5caf16 Downloading 35.65MB
 77e21c5caf16 Downloading 35.65MB
 77e21c5caf16 Downloading 35.65MB
 77e21c5caf16 Downloading 35.65MB
 77e21c5caf16 Downloading 35.65MB
 77e21c5caf16 Downloading 35.65MB
 77e21c5caf16 Downloading 35.65MB
 77e21c5caf16 Downloading 35.65MB
 77e21c5caf16 Downloading 35.65MB
 77e21c5caf16 Downloading 35.65MB
 77e21c5caf16 Downloading 35.65MB
 77e21c5caf16 Downloading 35.65MB
 77e21c5caf16 Downloading 35.65MB
 77e21c5caf16 Downloading 35.65MB
 77e21c5caf16 Downloading 35.65MB
 77e21c5caf16 Downloading 35.65MB
 77e21c5caf16 Downloading 35.65MB
 77e21c5caf16 Downloading 35.65MB
 77e21c5caf16 Downloading 35.65MB
 77e21c5caf16 Downloading 35.65MB
 77e21c5caf16 Downloading 35.65MB
 77e21c5caf16 Downloading 36.7MB
 77e21c5caf16 Downloading 36.7MB
 77e21c5caf16 Downloading 36.7MB
 77e21c5caf16 Downloading 36.7MB
 77e21c5caf16 Downloading 36.7MB
 77e21c5caf16 Downloading 36.7MB
 77e21c5caf16 Downloading 36.7MB
 77e21c5caf16 Downloading 36.7MB
 77e21c5caf16 Downloading 36.7MB
 77e21c5caf16 Downloading 36.7MB
 77e21c5caf16 Downloading 36.7MB
 77e21c5caf16 Downloading 36.7MB
 77e21c5caf16 Downloading 36.7MB
 77e21c5caf16 Downloading 36.7MB
 77e21c5caf16 Downloading 36.7MB
 77e21c5caf16 Downloading 36.7MB
 77e21c5caf16 Downloading 36.7MB
 77e21c5caf16 Downloading 36.7MB
 77e21c5caf16 Downloading 36.7MB
 77e21c5caf16 Downloading 36.7MB
 77e21c5caf16 Downloading 36.7MB
 77e21c5caf16 Downloading 36.7MB
 77e21c5caf16 Downloading 36.7MB
 77e21c5caf16 Downloading 36.7MB
 77e21c5caf16 Downloading 37.75MB
 77e21c5caf16 Downloading 37.75MB
 77e21c5caf16 Downloading 37.75MB
 77e21c5caf16 Downloading 37.75MB
 77e21c5caf16 Downloading 37.75MB
 77e21c5caf16 Downloading 37.75MB
 77e21c5caf16 Downloading 37.75MB
 77e21c5caf16 Downloading 37.75MB
 77e21c5caf16 Downloading 37.75MB
 77e21c5caf16 Downloading 37.75MB
 77e21c5caf16 Downloading 37.75MB
 77e21c5caf16 Downloading 37.75MB
 77e21c5caf16 Downloading 37.75MB
 77e21c5caf16 Downloading 37.75MB
 77e21c5caf16 Downloading 37.75MB
 77e21c5caf16 Downloading 37.75MB
 77e21c5caf16 Downloading 37.75MB
 77e21c5caf16 Downloading 37.75MB
 77e21c5caf16 Downloading 37.75MB
 77e21c5caf16 Downloading 37.75MB
 77e21c5caf16 Downloading 37.75MB
 77e21c5caf16 Downloading 37.75MB
 77e21c5caf16 Downloading 37.75MB
 77e21c5caf16 Downloading 37.75MB
 77e21c5caf16 Downloading 37.75MB
 77e21c5caf16 Downloading 37.75MB
 77e21c5caf16 Downloading 37.75MB
 77e21c5caf16 Downloading 37.75MB
 77e21c5caf16 Downloading 37.75MB
 77e21c5caf16 Downloading 37.75MB
 77e21c5caf16 Downloading 37.75MB
 77e21c5caf16 Downloading 37.75MB
 77e21c5caf16 Downloading 38.8MB
 77e21c5caf16 Downloading 38.8MB
 77e21c5caf16 Downloading 38.8MB
 77e21c5caf16 Downloading 38.8MB
 77e21c5caf16 Downloading 38.8MB
 77e21c5caf16 Downloading 38.8MB
 77e21c5caf16 Downloading 38.8MB
 77e21c5caf16 Downloading 38.8MB
 77e21c5caf16 Downloading 38.8MB
 77e21c5caf16 Downloading 38.8MB
 77e21c5caf16 Downloading 38.8MB
 77e21c5caf16 Downloading 38.8MB
 77e21c5caf16 Downloading 38.8MB
 77e21c5caf16 Downloading 38.8MB
 77e21c5caf16 Downloading 38.8MB
 77e21c5caf16 Downloading 38.8MB
 77e21c5caf16 Downloading 38.8MB
 77e21c5caf16 Downloading 38.8MB
 77e21c5caf16 Downloading 38.8MB
 77e21c5caf16 Downloading 38.8MB
 77e21c5caf16 Downloading 38.8MB
 77e21c5caf16 Downloading 38.8MB
 77e21c5caf16 Downloading 38.8MB
 77e21c5caf16 Downloading 38.8MB
 77e21c5caf16 Downloading 38.8MB
 77e21c5caf16 Downloading 38.8MB
 77e21c5caf16 Downloading 38.8MB
 77e21c5caf16 Downloading 38.8MB
 77e21c5caf16 Downloading 38.8MB
 77e21c5caf16 Downloading 38.8MB
 77e21c5caf16 Downloading 38.8MB
 77e21c5caf16 Downloading 38.8MB
 77e21c5caf16 Downloading 39.85MB
 77e21c5caf16 Downloading 39.85MB
 77e21c5caf16 Downloading 39.85MB
 77e21c5caf16 Downloading 39.85MB
 77e21c5caf16 Downloading 39.85MB
 77e21c5caf16 Downloading 39.85MB
 77e21c5caf16 Downloading 39.85MB
 77e21c5caf16 Downloading 39.85MB
 77e21c5caf16 Downloading 39.85MB
 77e21c5caf16 Downloading 39.85MB
 77e21c5caf16 Downloading 39.85MB
 77e21c5caf16 Downloading 39.85MB
 77e21c5caf16 Downloading 39.85MB
 77e21c5caf16 Downloading 39.85MB
 77e21c5caf16 Downloading 39.85MB
 77e21c5caf16 Downloading 39.85MB
 77e21c5caf16 Downloading 39.85MB
 77e21c5caf16 Downloading 39.85MB
 77e21c5caf16 Downloading 39.85MB
 77e21c5caf16 Downloading 39.85MB
 77e21c5caf16 Downloading 39.85MB
 77e21c5caf16 Downloading 39.85MB
 77e21c5caf16 Downloading 39.85MB
 77e21c5caf16 Downloading 39.85MB
 77e21c5caf16 Downloading 39.85MB
 77e21c5caf16 Downloading 40.89MB
 77e21c5caf16 Downloading 40.89MB
 77e21c5caf16 Downloading 40.89MB
 77e21c5caf16 Downloading 40.89MB
 77e21c5caf16 Downloading 40.89MB
 77e21c5caf16 Downloading 40.89MB
 77e21c5caf16 Downloading 40.89MB
 77e21c5caf16 Downloading 40.89MB
 77e21c5caf16 Downloading 40.89MB
 77e21c5caf16 Downloading 40.89MB
 77e21c5caf16 Downloading 40.89MB
 77e21c5caf16 Downloading 40.89MB
 77e21c5caf16 Downloading 40.89MB
 77e21c5caf16 Downloading 40.89MB
 77e21c5caf16 Downloading 40.89MB
 77e21c5caf16 Downloading 41.94MB
 77e21c5caf16 Downloading 41.94MB
 77e21c5caf16 Downloading 41.94MB
 77e21c5caf16 Downloading 41.94MB
 77e21c5caf16 Downloading 41.94MB
 77e21c5caf16 Downloading 41.94MB
 77e21c5caf16 Downloading 41.94MB
 77e21c5caf16 Downloading 41.94MB
 77e21c5caf16 Downloading 41.94MB
 77e21c5caf16 Downloading 41.94MB
 77e21c5caf16 Downloading 42.99MB
 77e21c5caf16 Downloading 42.99MB
 77e21c5caf16 Downloading 42.99MB
 77e21c5caf16 Downloading 42.99MB
 77e21c5caf16 Downloading 42.99MB
 77e21c5caf16 Downloading 42.99MB
 77e21c5caf16 Downloading 42.99MB
 77e21c5caf16 Downloading 42.99MB
 77e21c5caf16 Downloading 42.99MB
 77e21c5caf16 Downloading 42.99MB
 77e21c5caf16 Downloading 44.04MB
 77e21c5caf16 Downloading 44.04MB
 77e21c5caf16 Downloading 44.04MB
 77e21c5caf16 Downloading 44.04MB
 77e21c5caf16 Downloading 44.04MB
 77e21c5caf16 Downloading 44.04MB
 77e21c5caf16 Downloading 44.04MB
 77e21c5caf16 Downloading 44.04MB
 77e21c5caf16 Downloading 45.09MB
 77e21c5caf16 Downloading 45.09MB
 77e21c5caf16 Downloading 45.09MB
 77e21c5caf16 Downloading 45.09MB
 77e21c5caf16 Downloading 45.09MB
 77e21c5caf16 Downloading 45.09MB
 77e21c5caf16 Downloading 45.09MB
 77e21c5caf16 Downloading 45.09MB
 77e21c5caf16 Downloading 46.14MB
 77e21c5caf16 Downloading 46.14MB
 77e21c5caf16 Downloading 46.14MB
 77e21c5caf16 Downloading 46.14MB
 77e21c5caf16 Downloading 46.14MB
 77e21c5caf16 Downloading 46.14MB
 77e21c5caf16 Downloading 46.14MB
 77e21c5caf16 Downloading 46.14MB
 77e21c5caf16 Downloading 46.14MB
 77e21c5caf16 Downloading 46.14MB
 77e21c5caf16 Downloading 46.14MB
 77e21c5caf16 Downloading 47.19MB
 77e21c5caf16 Downloading 47.19MB
 77e21c5caf16 Downloading 47.19MB
 77e21c5caf16 Downloading 47.19MB
 77e21c5caf16 Downloading 47.19MB
 77e21c5caf16 Downloading 47.19MB
 77e21c5caf16 Downloading 47.19MB
 77e21c5caf16 Downloading 48.23MB
 77e21c5caf16 Downloading 48.23MB
 77e21c5caf16 Downloading 48.23MB
 77e21c5caf16 Downloading 48.23MB
 77e21c5caf16 Downloading 48.23MB
 77e21c5caf16 Downloading 48.23MB
 77e21c5caf16 Downloading 48.23MB
 77e21c5caf16 Downloading 48.23MB
 77e21c5caf16 Downloading 48.23MB
 77e21c5caf16 Downloading 48.23MB
 77e21c5caf16 Downloading 48.23MB
 77e21c5caf16 Downloading 48.23MB
 77e21c5caf16 Downloading 48.23MB
 77e21c5caf16 Downloading 48.23MB
 77e21c5caf16 Downloading 48.23MB
 77e21c5caf16 Downloading 48.23MB
 77e21c5caf16 Downloading 48.23MB
 77e21c5caf16 Downloading 48.23MB
 77e21c5caf16 Downloading 48.23MB
 77e21c5caf16 Downloading 48.23MB
 77e21c5caf16 Downloading 49.28MB
 77e21c5caf16 Downloading 49.28MB
 77e21c5caf16 Downloading 49.28MB
 77e21c5caf16 Downloading 49.28MB
 77e21c5caf16 Downloading 49.28MB
 77e21c5caf16 Downloading 49.28MB
 77e21c5caf16 Downloading 49.28MB
 77e21c5caf16 Downloading 49.28MB
 77e21c5caf16 Downloading 49.28MB
 77e21c5caf16 Downloading 49.28MB
 77e21c5caf16 Downloading 49.28MB
 77e21c5caf16 Downloading 49.28MB
 77e21c5caf16 Downloading 49.28MB
 77e21c5caf16 Downloading 49.28MB
 77e21c5caf16 Downloading 49.28MB
 77e21c5caf16 Downloading 49.28MB
 77e21c5caf16 Downloading 49.28MB
 77e21c5caf16 Downloading 49.28MB
 77e21c5caf16 Downloading 49.28MB
 77e21c5caf16 Downloading 49.28MB
 77e21c5caf16 Downloading 49.28MB
 77e21c5caf16 Downloading 49.28MB
 77e21c5caf16 Downloading 49.28MB
 77e21c5caf16 Downloading 49.28MB
 77e21c5caf16 Downloading 49.28MB
 77e21c5caf16 Downloading 49.28MB
 77e21c5caf16 Downloading 49.28MB
 77e21c5caf16 Downloading 49.28MB
 77e21c5caf16 Downloading 49.28MB
 77e21c5caf16 Downloading 49.28MB
 77e21c5caf16 Downloading 49.28MB
 77e21c5caf16 Downloading 49.28MB
 77e21c5caf16 Downloading 49.28MB
 77e21c5caf16 Downloading 49.28MB
 77e21c5caf16 Downloading 49.28MB
 77e21c5caf16 Downloading 49.28MB
 77e21c5caf16 Downloading 49.28MB
 77e21c5caf16 Downloading 49.28MB
 77e21c5caf16 Downloading 49.28MB
 77e21c5caf16 Downloading 49.28MB
 77e21c5caf16 Downloading 49.28MB
 77e21c5caf16 Downloading 49.28MB
 77e21c5caf16 Downloading 49.28MB
 77e21c5caf16 Downloading 49.28MB
 77e21c5caf16 Downloading 49.28MB
 77e21c5caf16 Downloading 49.28MB
 77e21c5caf16 Downloading 49.28MB
 77e21c5caf16 Downloading 49.28MB
 77e21c5caf16 Downloading 49.28MB
 77e21c5caf16 Downloading 49.28MB
 77e21c5caf16 Downloading 49.28MB
 77e21c5caf16 Downloading 49.28MB
 77e21c5caf16 Downloading 49.28MB
 77e21c5caf16 Downloading 49.28MB
 77e21c5caf16 Downloading 49.28MB
 77e21c5caf16 Downloading 49.28MB
 77e21c5caf16 Downloading 49.28MB
 77e21c5caf16 Downloading 49.28MB
 77e21c5caf16 Downloading 49.28MB
 77e21c5caf16 Downloading 49.28MB
 77e21c5caf16 Downloading 49.28MB
 77e21c5caf16 Downloading 49.28MB
 77e21c5caf16 Downloading 49.28MB
 77e21c5caf16 Downloading 49.28MB
 77e21c5caf16 Downloading 49.28MB
 77e21c5caf16 Downloading 49.28MB
 77e21c5caf16 Downloading 50.33MB
 77e21c5caf16 Downloading 50.33MB
 77e21c5caf16 Downloading 50.33MB
 77e21c5caf16 Downloading 50.33MB
 77e21c5caf16 Downloading 50.33MB
 77e21c5caf16 Downloading 50.33MB
 77e21c5caf16 Downloading 50.33MB
 77e21c5caf16 Downloading 50.33MB
 77e21c5caf16 Downloading 50.33MB
 77e21c5caf16 Downloading 50.33MB
 77e21c5caf16 Downloading 50.33MB
 77e21c5caf16 Downloading 50.33MB
 77e21c5caf16 Downloading 50.33MB
 77e21c5caf16 Downloading 50.33MB
 77e21c5caf16 Downloading 50.33MB
 77e21c5caf16 Downloading 50.33MB
 77e21c5caf16 Downloading 50.33MB
 77e21c5caf16 Downloading 50.33MB
 77e21c5caf16 Downloading 50.33MB
 77e21c5caf16 Downloading 50.33MB
 77e21c5caf16 Downloading 50.33MB
 77e21c5caf16 Downloading 50.33MB
 77e21c5caf16 Downloading 50.33MB
 77e21c5caf16 Downloading 50.33MB
 77e21c5caf16 Downloading 50.33MB
 77e21c5caf16 Downloading 50.33MB
 77e21c5caf16 Downloading 50.33MB
 77e21c5caf16 Downloading 50.33MB
 77e21c5caf16 Downloading 50.33MB
 77e21c5caf16 Downloading 50.33MB
 77e21c5caf16 Downloading 50.33MB
 77e21c5caf16 Downloading 50.33MB
 77e21c5caf16 Downloading 50.33MB
 77e21c5caf16 Downloading 50.33MB
 77e21c5caf16 Downloading 50.33MB
 77e21c5caf16 Downloading 50.33MB
 77e21c5caf16 Downloading 50.33MB
 77e21c5caf16 Downloading 50.33MB
 77e21c5caf16 Downloading 50.33MB
 77e21c5caf16 Downloading 50.33MB
 77e21c5caf16 Downloading 50.33MB
 77e21c5caf16 Downloading 50.33MB
 77e21c5caf16 Downloading 50.33MB
 77e21c5caf16 Downloading 50.33MB
 77e21c5caf16 Downloading 50.33MB
 77e21c5caf16 Downloading 50.33MB
 77e21c5caf16 Downloading 50.33MB
 77e21c5caf16 Downloading 50.33MB
 77e21c5caf16 Downloading 50.33MB
 77e21c5caf16 Downloading 50.33MB
 77e21c5caf16 Downloading 50.33MB
 77e21c5caf16 Downloading 50.33MB
 77e21c5caf16 Downloading 50.33MB
 77e21c5caf16 Downloading 50.33MB
 77e21c5caf16 Downloading 50.33MB
 77e21c5caf16 Downloading 50.33MB
 77e21c5caf16 Downloading 50.33MB
 77e21c5caf16 Downloading 50.33MB
 77e21c5caf16 Downloading 51.38MB
 77e21c5caf16 Downloading 51.38MB
 77e21c5caf16 Downloading 51.38MB
 77e21c5caf16 Downloading 51.38MB
 77e21c5caf16 Downloading 51.38MB
 77e21c5caf16 Downloading 51.38MB
 77e21c5caf16 Downloading 51.38MB
 77e21c5caf16 Downloading 51.38MB
 77e21c5caf16 Downloading 51.38MB
 77e21c5caf16 Downloading 51.38MB
 77e21c5caf16 Downloading 51.38MB
 77e21c5caf16 Downloading 51.38MB
 77e21c5caf16 Downloading 51.38MB
 77e21c5caf16 Downloading 51.38MB
 77e21c5caf16 Downloading 51.38MB
 77e21c5caf16 Downloading 51.38MB
 77e21c5caf16 Downloading 51.38MB
 77e21c5caf16 Downloading 51.38MB
 77e21c5caf16 Downloading 51.38MB
 77e21c5caf16 Downloading 51.38MB
 77e21c5caf16 Downloading 51.38MB
 77e21c5caf16 Downloading 51.38MB
 77e21c5caf16 Downloading 51.38MB
 77e21c5caf16 Downloading 51.38MB
 77e21c5caf16 Downloading 51.38MB
 77e21c5caf16 Downloading 51.38MB
 77e21c5caf16 Downloading 51.38MB
 77e21c5caf16 Downloading 51.38MB
 77e21c5caf16 Downloading 51.38MB
 77e21c5caf16 Downloading 51.38MB
 77e21c5caf16 Downloading 51.38MB
 77e21c5caf16 Downloading 51.38MB
 77e21c5caf16 Downloading 51.38MB
 77e21c5caf16 Downloading 51.38MB
 77e21c5caf16 Downloading 51.38MB
 77e21c5caf16 Downloading 51.38MB
 77e21c5caf16 Downloading 51.38MB
 77e21c5caf16 Downloading 51.38MB
 77e21c5caf16 Downloading 51.38MB
 77e21c5caf16 Downloading 51.38MB
 77e21c5caf16 Downloading 51.38MB
 77e21c5caf16 Downloading 51.38MB
 77e21c5caf16 Downloading 51.38MB
 77e21c5caf16 Downloading 51.38MB
 77e21c5caf16 Downloading 51.38MB
 77e21c5caf16 Downloading 51.38MB
 77e21c5caf16 Downloading 51.38MB
 77e21c5caf16 Downloading 51.38MB
 77e21c5caf16 Downloading 51.38MB
 77e21c5caf16 Downloading 51.38MB
 77e21c5caf16 Downloading 51.38MB
 77e21c5caf16 Downloading 51.38MB
 77e21c5caf16 Downloading 51.38MB
 77e21c5caf16 Downloading 51.38MB
 77e21c5caf16 Downloading 51.38MB
 77e21c5caf16 Downloading 51.38MB
 77e21c5caf16 Downloading 51.38MB
 77e21c5caf16 Downloading 51.38MB
 77e21c5caf16 Downloading 51.38MB
 77e21c5caf16 Downloading 51.38MB
 77e21c5caf16 Downloading 51.38MB
 77e21c5caf16 Downloading 51.38MB
 77e21c5caf16 Downloading 51.38MB
 77e21c5caf16 Downloading 51.38MB
 77e21c5caf16 Downloading 51.38MB
 77e21c5caf16 Downloading 51.38MB
 77e21c5caf16 Downloading 51.38MB
 77e21c5caf16 Downloading 51.38MB
 77e21c5caf16 Downloading 51.38MB
 77e21c5caf16 Downloading 51.38MB
 77e21c5caf16 Downloading 51.38MB
 77e21c5caf16 Downloading 51.38MB
 77e21c5caf16 Downloading 51.38MB
 77e21c5caf16 Downloading 51.38MB
 77e21c5caf16 Downloading 51.38MB
 77e21c5caf16 Downloading 51.38MB
 77e21c5caf16 Downloading 51.38MB
 77e21c5caf16 Downloading 51.38MB
 77e21c5caf16 Downloading 51.38MB
 77e21c5caf16 Downloading 51.38MB
 77e21c5caf16 Downloading 51.38MB
 77e21c5caf16 Downloading 51.38MB
 77e21c5caf16 Downloading 51.38MB
 77e21c5caf16 Downloading 51.38MB
 77e21c5caf16 Downloading 51.38MB
 77e21c5caf16 Downloading 51.38MB
 77e21c5caf16 Downloading 51.38MB
 77e21c5caf16 Downloading 51.38MB
 77e21c5caf16 Downloading 51.38MB
 77e21c5caf16 Downloading 51.38MB
 77e21c5caf16 Downloading 51.38MB
 77e21c5caf16 Downloading 51.38MB
 77e21c5caf16 Downloading 51.38MB
 77e21c5caf16 Downloading 51.38MB
 77e21c5caf16 Downloading 51.38MB
 77e21c5caf16 Downloading 51.38MB
 77e21c5caf16 Downloading 51.38MB
 77e21c5caf16 Downloading 51.38MB
 77e21c5caf16 Downloading 51.38MB
 77e21c5caf16 Downloading 51.38MB
 77e21c5caf16 Downloading 51.38MB
 77e21c5caf16 Downloading 51.38MB
 77e21c5caf16 Downloading 51.38MB
 77e21c5caf16 Downloading 51.38MB
 77e21c5caf16 Downloading 51.38MB
 77e21c5caf16 Downloading 51.38MB
 77e21c5caf16 Downloading 51.38MB
 77e21c5caf16 Downloading 51.38MB
 77e21c5caf16 Downloading 52.43MB
 77e21c5caf16 Downloading 52.43MB
 77e21c5caf16 Downloading 52.43MB
 77e21c5caf16 Downloading 52.43MB
 77e21c5caf16 Downloading 52.43MB
 77e21c5caf16 Downloading 52.43MB
 77e21c5caf16 Downloading 52.43MB
 77e21c5caf16 Downloading 52.43MB
 77e21c5caf16 Downloading 52.43MB
 77e21c5caf16 Downloading 52.43MB
 77e21c5caf16 Downloading 52.43MB
 77e21c5caf16 Downloading 52.43MB
 77e21c5caf16 Downloading 52.43MB
 77e21c5caf16 Downloading 52.43MB
 77e21c5caf16 Downloading 52.43MB
 77e21c5caf16 Downloading 52.43MB
 77e21c5caf16 Downloading 52.43MB
 77e21c5caf16 Downloading 52.43MB
 77e21c5caf16 Downloading 52.43MB
 77e21c5caf16 Downloading 52.43MB
 77e21c5caf16 Downloading 52.43MB
 77e21c5caf16 Downloading 52.43MB
 77e21c5caf16 Downloading 52.43MB
 77e21c5caf16 Downloading 52.43MB
 77e21c5caf16 Downloading 52.43MB
 77e21c5caf16 Downloading 52.43MB
 77e21c5caf16 Downloading 52.43MB
 77e21c5caf16 Downloading 52.43MB
 77e21c5caf16 Downloading 52.43MB
 77e21c5caf16 Downloading 52.43MB
 77e21c5caf16 Downloading 52.43MB
 77e21c5caf16 Downloading 52.43MB
 77e21c5caf16 Downloading 52.43MB
 77e21c5caf16 Downloading 52.43MB
 77e21c5caf16 Downloading 52.43MB
 77e21c5caf16 Downloading 52.43MB
 77e21c5caf16 Downloading 52.43MB
 77e21c5caf16 Downloading 52.43MB
 77e21c5caf16 Downloading 52.43MB
 77e21c5caf16 Downloading 52.43MB
 77e21c5caf16 Downloading 52.43MB
 77e21c5caf16 Downloading 52.43MB
 77e21c5caf16 Downloading 52.43MB
 77e21c5caf16 Downloading 52.43MB
 77e21c5caf16 Downloading 52.43MB
 77e21c5caf16 Downloading 52.43MB
 77e21c5caf16 Downloading 52.43MB
 77e21c5caf16 Downloading 52.43MB
 77e21c5caf16 Downloading 52.43MB
 77e21c5caf16 Downloading 52.43MB
 77e21c5caf16 Downloading 52.43MB
 77e21c5caf16 Downloading 52.43MB
 77e21c5caf16 Downloading 52.43MB
 77e21c5caf16 Downloading 52.43MB
 77e21c5caf16 Downloading 52.43MB
 77e21c5caf16 Downloading 52.43MB
 77e21c5caf16 Downloading 52.43MB
 77e21c5caf16 Downloading 52.43MB
 77e21c5caf16 Downloading 52.43MB
 77e21c5caf16 Downloading 52.43MB
 77e21c5caf16 Downloading 52.43MB
 77e21c5caf16 Downloading 52.43MB
 77e21c5caf16 Downloading 52.43MB
 77e21c5caf16 Downloading 52.43MB
 77e21c5caf16 Downloading 52.43MB
 77e21c5caf16 Downloading 52.43MB
 77e21c5caf16 Downloading 52.43MB
 77e21c5caf16 Downloading 52.43MB
 77e21c5caf16 Downloading 52.43MB
 77e21c5caf16 Downloading 52.43MB
 77e21c5caf16 Downloading 52.43MB
 77e21c5caf16 Downloading 52.43MB
 77e21c5caf16 Downloading 52.43MB
 77e21c5caf16 Downloading 52.43MB
 77e21c5caf16 Downloading 52.43MB
 77e21c5caf16 Downloading 52.43MB
 77e21c5caf16 Downloading 52.43MB
 77e21c5caf16 Downloading 52.43MB
 77e21c5caf16 Downloading 52.43MB
 77e21c5caf16 Downloading 52.43MB
 77e21c5caf16 Downloading 52.43MB
 77e21c5caf16 Downloading 52.43MB
 77e21c5caf16 Downloading 52.43MB
 77e21c5caf16 Downloading 52.43MB
 77e21c5caf16 Downloading 52.43MB
 77e21c5caf16 Downloading 52.43MB
 77e21c5caf16 Downloading 52.43MB
 77e21c5caf16 Downloading 52.43MB
 77e21c5caf16 Downloading 52.43MB
 77e21c5caf16 Downloading 52.43MB
 77e21c5caf16 Downloading 52.43MB
 77e21c5caf16 Downloading 52.43MB
 77e21c5caf16 Downloading 52.43MB
 77e21c5caf16 Downloading 52.43MB
 77e21c5caf16 Downloading 52.43MB
 77e21c5caf16 Downloading 53.48MB
 77e21c5caf16 Downloading 53.48MB
 77e21c5caf16 Downloading 53.48MB
 77e21c5caf16 Downloading 53.48MB
 77e21c5caf16 Downloading 53.48MB
 77e21c5caf16 Downloading 53.48MB
 77e21c5caf16 Downloading 53.48MB
 77e21c5caf16 Downloading 53.48MB
 77e21c5caf16 Downloading 53.48MB
 77e21c5caf16 Downloading 53.48MB
 77e21c5caf16 Downloading 53.48MB
 77e21c5caf16 Downloading 53.48MB
 77e21c5caf16 Downloading 53.48MB
 77e21c5caf16 Downloading 53.48MB
 77e21c5caf16 Downloading 53.48MB
 77e21c5caf16 Downloading 53.48MB
 77e21c5caf16 Downloading 53.48MB
 77e21c5caf16 Downloading 53.48MB
 77e21c5caf16 Downloading 53.48MB
 77e21c5caf16 Downloading 53.48MB
 77e21c5caf16 Downloading 53.48MB
 77e21c5caf16 Downloading 53.48MB
 77e21c5caf16 Downloading 53.48MB
 77e21c5caf16 Downloading 53.48MB
 77e21c5caf16 Downloading 53.48MB
 77e21c5caf16 Downloading 53.48MB
 77e21c5caf16 Downloading 53.48MB
 77e21c5caf16 Downloading 53.48MB
 77e21c5caf16 Downloading 53.48MB
 77e21c5caf16 Downloading 53.48MB
 77e21c5caf16 Downloading 53.48MB
 77e21c5caf16 Downloading 53.48MB
 77e21c5caf16 Downloading 53.48MB
 77e21c5caf16 Downloading 53.48MB
 77e21c5caf16 Downloading 53.48MB
 77e21c5caf16 Downloading 53.48MB
 77e21c5caf16 Downloading 53.48MB
 77e21c5caf16 Downloading 53.48MB
 77e21c5caf16 Downloading 53.48MB
 77e21c5caf16 Downloading 53.48MB
 77e21c5caf16 Downloading 53.48MB
 77e21c5caf16 Downloading 53.48MB
 77e21c5caf16 Downloading 53.48MB
 77e21c5caf16 Downloading 53.48MB
 77e21c5caf16 Downloading 53.48MB
 77e21c5caf16 Downloading 53.48MB
 77e21c5caf16 Downloading 53.48MB
 77e21c5caf16 Downloading 53.48MB
 77e21c5caf16 Downloading 53.48MB
 77e21c5caf16 Downloading 53.48MB
 77e21c5caf16 Downloading 53.48MB
 77e21c5caf16 Downloading 53.48MB
 77e21c5caf16 Downloading 53.48MB
 77e21c5caf16 Downloading 53.48MB
 77e21c5caf16 Downloading 53.48MB
 77e21c5caf16 Downloading 53.48MB
 77e21c5caf16 Downloading 53.48MB
 77e21c5caf16 Downloading 53.48MB
 77e21c5caf16 Downloading 53.48MB
 77e21c5caf16 Downloading 53.48MB
 77e21c5caf16 Downloading 53.48MB
 77e21c5caf16 Downloading 53.48MB
 77e21c5caf16 Downloading 53.48MB
 77e21c5caf16 Downloading 53.48MB
 77e21c5caf16 Downloading 53.48MB
 77e21c5caf16 Downloading 53.48MB
 77e21c5caf16 Downloading 53.48MB
 77e21c5caf16 Downloading 53.48MB
 77e21c5caf16 Downloading 53.48MB
 77e21c5caf16 Downloading 53.48MB
 77e21c5caf16 Downloading 54.53MB
 77e21c5caf16 Downloading 54.53MB
 77e21c5caf16 Downloading 54.53MB
 77e21c5caf16 Downloading 54.53MB
 77e21c5caf16 Downloading 54.53MB
 77e21c5caf16 Downloading 54.53MB
 77e21c5caf16 Downloading 54.53MB
 77e21c5caf16 Downloading 54.53MB
 77e21c5caf16 Downloading 54.53MB
 77e21c5caf16 Downloading 54.53MB
 77e21c5caf16 Downloading 54.53MB
 77e21c5caf16 Downloading 54.53MB
 77e21c5caf16 Downloading 54.53MB
 77e21c5caf16 Downloading 54.53MB
 77e21c5caf16 Downloading 54.53MB
 77e21c5caf16 Downloading 54.53MB
 77e21c5caf16 Downloading 54.53MB
 77e21c5caf16 Downloading 54.53MB
 77e21c5caf16 Downloading 54.53MB
 77e21c5caf16 Downloading 54.53MB
 77e21c5caf16 Downloading 54.53MB
 77e21c5caf16 Downloading 54.53MB
 77e21c5caf16 Downloading 54.53MB
 77e21c5caf16 Downloading 54.53MB
 77e21c5caf16 Downloading 54.53MB
 77e21c5caf16 Downloading 54.53MB
 77e21c5caf16 Downloading 54.53MB
 77e21c5caf16 Downloading 54.53MB
 77e21c5caf16 Downloading 54.53MB
 77e21c5caf16 Downloading 54.53MB
 77e21c5caf16 Downloading 54.53MB
 77e21c5caf16 Downloading 54.53MB
 77e21c5caf16 Downloading 54.53MB
 77e21c5caf16 Downloading 54.53MB
 77e21c5caf16 Downloading 54.53MB
 77e21c5caf16 Downloading 54.53MB
 77e21c5caf16 Downloading 54.53MB
 77e21c5caf16 Downloading 54.53MB
 77e21c5caf16 Downloading 54.53MB
 77e21c5caf16 Downloading 54.53MB
 77e21c5caf16 Downloading 54.53MB
 77e21c5caf16 Downloading 54.53MB
 77e21c5caf16 Downloading 54.53MB
 77e21c5caf16 Downloading 54.53MB
 77e21c5caf16 Downloading 54.53MB
 77e21c5caf16 Downloading 54.53MB
 77e21c5caf16 Downloading 54.53MB
 77e21c5caf16 Downloading 54.53MB
 77e21c5caf16 Downloading 54.53MB
 77e21c5caf16 Downloading 54.53MB
 77e21c5caf16 Downloading 54.53MB
 77e21c5caf16 Downloading 54.53MB
 77e21c5caf16 Downloading 54.53MB
 77e21c5caf16 Downloading 54.53MB
 77e21c5caf16 Downloading 54.53MB
 77e21c5caf16 Downloading 54.53MB
 77e21c5caf16 Downloading 54.53MB
 77e21c5caf16 Downloading 54.53MB
 77e21c5caf16 Downloading 54.53MB
 77e21c5caf16 Downloading 54.53MB
 77e21c5caf16 Downloading 54.53MB
 77e21c5caf16 Downloading 54.53MB
 77e21c5caf16 Downloading 54.53MB
 77e21c5caf16 Downloading 54.53MB
 77e21c5caf16 Downloading 54.53MB
 77e21c5caf16 Downloading 54.53MB
 77e21c5caf16 Downloading 55.57MB
 77e21c5caf16 Downloading 55.57MB
 77e21c5caf16 Downloading 55.57MB
 77e21c5caf16 Downloading 55.57MB
 77e21c5caf16 Downloading 55.57MB
 77e21c5caf16 Downloading 55.57MB
 77e21c5caf16 Downloading 55.57MB
 77e21c5caf16 Downloading 55.57MB
 77e21c5caf16 Downloading 55.57MB
 77e21c5caf16 Downloading 55.57MB
 77e21c5caf16 Downloading 55.57MB
 77e21c5caf16 Downloading 55.57MB
 77e21c5caf16 Downloading 55.57MB
 77e21c5caf16 Downloading 55.57MB
 77e21c5caf16 Downloading 55.57MB
 77e21c5caf16 Downloading 55.57MB
 77e21c5caf16 Downloading 55.57MB
 77e21c5caf16 Downloading 55.57MB
 77e21c5caf16 Downloading 55.57MB
 77e21c5caf16 Downloading 55.57MB
 77e21c5caf16 Downloading 55.57MB
 77e21c5caf16 Downloading 55.57MB
 77e21c5caf16 Downloading 55.57MB
 77e21c5caf16 Downloading 55.57MB
 77e21c5caf16 Downloading 55.57MB
 77e21c5caf16 Downloading 55.57MB
 77e21c5caf16 Downloading 55.57MB
 77e21c5caf16 Downloading 55.57MB
 77e21c5caf16 Downloading 55.57MB
 77e21c5caf16 Downloading 55.57MB
 77e21c5caf16 Downloading 55.57MB
 77e21c5caf16 Downloading 55.57MB
 77e21c5caf16 Downloading 55.57MB
 77e21c5caf16 Downloading 55.57MB
 77e21c5caf16 Downloading 55.57MB
 77e21c5caf16 Downloading 55.57MB
 77e21c5caf16 Downloading 55.57MB
 77e21c5caf16 Downloading 55.57MB
 77e21c5caf16 Downloading 55.57MB
 77e21c5caf16 Downloading 55.57MB
 77e21c5caf16 Downloading 55.57MB
 77e21c5caf16 Downloading 55.57MB
 77e21c5caf16 Downloading 55.57MB
 77e21c5caf16 Downloading 55.57MB
 77e21c5caf16 Downloading 55.57MB
 77e21c5caf16 Downloading 55.57MB
 77e21c5caf16 Downloading 55.57MB
 77e21c5caf16 Downloading 55.57MB
 77e21c5caf16 Downloading 55.57MB
 77e21c5caf16 Downloading 55.57MB
 77e21c5caf16 Downloading 55.57MB
 77e21c5caf16 Downloading 55.57MB
 77e21c5caf16 Downloading 55.57MB
 77e21c5caf16 Downloading 55.57MB
 77e21c5caf16 Downloading 55.57MB
 77e21c5caf16 Downloading 55.57MB
 77e21c5caf16 Downloading 55.57MB
 77e21c5caf16 Downloading 55.57MB
 77e21c5caf16 Downloading 56.62MB
 77e21c5caf16 Downloading 56.62MB
 77e21c5caf16 Downloading 56.62MB
 77e21c5caf16 Downloading 56.62MB
 77e21c5caf16 Downloading 56.62MB
 77e21c5caf16 Downloading 56.62MB
 77e21c5caf16 Downloading 56.62MB
 77e21c5caf16 Downloading 56.62MB
 77e21c5caf16 Downloading 56.62MB
 77e21c5caf16 Downloading 56.62MB
 77e21c5caf16 Downloading 56.62MB
 77e21c5caf16 Downloading 56.62MB
 77e21c5caf16 Downloading 56.62MB
 77e21c5caf16 Downloading 56.62MB
 77e21c5caf16 Downloading 56.62MB
 77e21c5caf16 Downloading 56.62MB
 77e21c5caf16 Downloading 56.62MB
 77e21c5caf16 Downloading 56.62MB
 77e21c5caf16 Downloading 56.62MB
 77e21c5caf16 Downloading 56.62MB
 77e21c5caf16 Downloading 56.62MB
 77e21c5caf16 Downloading 56.62MB
 77e21c5caf16 Downloading 56.62MB
 77e21c5caf16 Downloading 56.62MB
 77e21c5caf16 Downloading 56.62MB
 77e21c5caf16 Downloading 56.62MB
 77e21c5caf16 Downloading 56.62MB
 77e21c5caf16 Downloading 56.62MB
 77e21c5caf16 Downloading 56.62MB
 77e21c5caf16 Downloading 56.62MB
 77e21c5caf16 Downloading 56.62MB
 77e21c5caf16 Downloading 56.62MB
 77e21c5caf16 Downloading 56.62MB
 77e21c5caf16 Downloading 56.62MB
 77e21c5caf16 Downloading 56.62MB
 77e21c5caf16 Downloading 56.62MB
 77e21c5caf16 Downloading 56.62MB
 77e21c5caf16 Downloading 56.62MB
 77e21c5caf16 Downloading 56.62MB
 77e21c5caf16 Downloading 56.62MB
 77e21c5caf16 Downloading 56.62MB
 77e21c5caf16 Downloading 56.62MB
 77e21c5caf16 Downloading 56.62MB
 77e21c5caf16 Downloading 56.62MB
 77e21c5caf16 Downloading 56.62MB
 77e21c5caf16 Downloading 57.67MB
 77e21c5caf16 Downloading 57.67MB
 77e21c5caf16 Downloading 57.67MB
 77e21c5caf16 Downloading 57.67MB
 77e21c5caf16 Downloading 57.67MB
 77e21c5caf16 Downloading 57.67MB
 77e21c5caf16 Downloading 57.67MB
 77e21c5caf16 Downloading 57.67MB
 77e21c5caf16 Downloading 57.67MB
 77e21c5caf16 Downloading 57.67MB
 77e21c5caf16 Downloading 57.67MB
 77e21c5caf16 Downloading 57.67MB
 77e21c5caf16 Downloading 57.67MB
 77e21c5caf16 Downloading 57.67MB
 77e21c5caf16 Downloading 57.67MB
 77e21c5caf16 Downloading 57.67MB
 77e21c5caf16 Downloading 57.67MB
 77e21c5caf16 Downloading 57.67MB
 77e21c5caf16 Downloading 57.67MB
 77e21c5caf16 Downloading 57.67MB
 77e21c5caf16 Downloading 57.67MB
 77e21c5caf16 Downloading 57.67MB
 77e21c5caf16 Downloading 57.67MB
 77e21c5caf16 Downloading 57.67MB
 77e21c5caf16 Downloading 57.67MB
 77e21c5caf16 Downloading 57.67MB
 77e21c5caf16 Downloading 57.67MB
 77e21c5caf16 Downloading 57.67MB
 77e21c5caf16 Downloading 57.67MB
 77e21c5caf16 Downloading 57.67MB
 77e21c5caf16 Downloading 57.67MB
 77e21c5caf16 Downloading 57.67MB
 77e21c5caf16 Downloading 57.67MB
 77e21c5caf16 Downloading 57.67MB
 77e21c5caf16 Downloading 57.67MB
 77e21c5caf16 Downloading 57.67MB
 77e21c5caf16 Downloading 57.67MB
 77e21c5caf16 Downloading 57.67MB
 77e21c5caf16 Downloading 57.67MB
 77e21c5caf16 Downloading 57.67MB
 77e21c5caf16 Downloading 58.72MB
 77e21c5caf16 Downloading 58.72MB
 77e21c5caf16 Downloading 58.72MB
 77e21c5caf16 Downloading 58.72MB
 77e21c5caf16 Downloading 58.72MB
 77e21c5caf16 Downloading 58.72MB
 77e21c5caf16 Downloading 58.72MB
 77e21c5caf16 Downloading 58.72MB
 77e21c5caf16 Downloading 58.72MB
 77e21c5caf16 Downloading 58.72MB
 77e21c5caf16 Downloading 58.72MB
 77e21c5caf16 Downloading 58.72MB
 77e21c5caf16 Downloading 58.72MB
 77e21c5caf16 Downloading 58.72MB
 77e21c5caf16 Downloading 58.72MB
 77e21c5caf16 Downloading 58.72MB
 77e21c5caf16 Downloading 58.72MB
 77e21c5caf16 Downloading 58.72MB
 77e21c5caf16 Downloading 58.72MB
 77e21c5caf16 Downloading 58.72MB
 77e21c5caf16 Downloading 58.72MB
 77e21c5caf16 Downloading 58.72MB
 77e21c5caf16 Downloading 58.72MB
 77e21c5caf16 Downloading 58.72MB
 77e21c5caf16 Downloading 58.72MB
 77e21c5caf16 Downloading 58.72MB
 77e21c5caf16 Downloading 58.72MB
 77e21c5caf16 Downloading 58.72MB
 77e21c5caf16 Downloading 58.72MB
 77e21c5caf16 Downloading 58.72MB
 77e21c5caf16 Downloading 58.72MB
 77e21c5caf16 Downloading 58.72MB
 77e21c5caf16 Downloading 58.72MB
 77e21c5caf16 Downloading 58.72MB
 77e21c5caf16 Downloading 58.72MB
 77e21c5caf16 Downloading 58.72MB
 77e21c5caf16 Downloading 58.72MB
 77e21c5caf16 Downloading 58.72MB
 77e21c5caf16 Downloading 58.72MB
 77e21c5caf16 Downloading 58.72MB
 77e21c5caf16 Downloading 58.72MB
 77e21c5caf16 Downloading 58.72MB
 77e21c5caf16 Downloading 58.72MB
 77e21c5caf16 Downloading 58.72MB
 77e21c5caf16 Downloading 58.72MB
 77e21c5caf16 Downloading 58.72MB
 77e21c5caf16 Downloading 58.72MB
 77e21c5caf16 Downloading 58.72MB
 77e21c5caf16 Downloading 58.72MB
 77e21c5caf16 Downloading 58.72MB
 77e21c5caf16 Downloading 58.72MB
 77e21c5caf16 Downloading 59.77MB
 77e21c5caf16 Downloading 59.77MB
 77e21c5caf16 Downloading 59.77MB
 77e21c5caf16 Downloading 59.77MB
 77e21c5caf16 Downloading 59.77MB
 77e21c5caf16 Downloading 59.77MB
 77e21c5caf16 Downloading 59.77MB
 77e21c5caf16 Downloading 59.77MB
 77e21c5caf16 Downloading 59.77MB
 77e21c5caf16 Downloading 59.77MB
 77e21c5caf16 Downloading 59.77MB
 77e21c5caf16 Downloading 59.77MB
 77e21c5caf16 Downloading 59.77MB
 77e21c5caf16 Downloading 59.77MB
 77e21c5caf16 Downloading 59.77MB
 77e21c5caf16 Downloading 59.77MB
 77e21c5caf16 Downloading 59.77MB
 77e21c5caf16 Downloading 59.77MB
 77e21c5caf16 Downloading 59.77MB
 77e21c5caf16 Downloading 59.77MB
 77e21c5caf16 Downloading 59.77MB
 77e21c5caf16 Downloading 59.77MB
 77e21c5caf16 Downloading 59.77MB
 77e21c5caf16 Downloading 59.77MB
 77e21c5caf16 Downloading 59.77MB
 77e21c5caf16 Downloading 59.77MB
 77e21c5caf16 Downloading 59.77MB
 77e21c5caf16 Downloading 59.77MB
 77e21c5caf16 Downloading 59.77MB
 77e21c5caf16 Downloading 59.77MB
 77e21c5caf16 Downloading 59.77MB
 77e21c5caf16 Downloading 59.77MB
 77e21c5caf16 Downloading 59.77MB
 77e21c5caf16 Downloading 59.77MB
 77e21c5caf16 Downloading 59.77MB
 77e21c5caf16 Downloading 59.77MB
 77e21c5caf16 Downloading 59.77MB
 77e21c5caf16 Downloading 59.77MB
 77e21c5caf16 Downloading 59.77MB
 77e21c5caf16 Downloading 59.77MB
 77e21c5caf16 Downloading 59.77MB
 77e21c5caf16 Downloading 59.77MB
 77e21c5caf16 Downloading 59.77MB
 77e21c5caf16 Downloading 59.77MB
 77e21c5caf16 Downloading 59.77MB
 77e21c5caf16 Downloading 59.77MB
 77e21c5caf16 Downloading 59.77MB
 77e21c5caf16 Downloading 59.77MB
 77e21c5caf16 Downloading 59.77MB
 77e21c5caf16 Downloading 59.77MB
 77e21c5caf16 Downloading 59.77MB
 77e21c5caf16 Downloading 59.77MB
 77e21c5caf16 Downloading 59.77MB
 77e21c5caf16 Downloading 59.77MB
 77e21c5caf16 Downloading 59.77MB
 77e21c5caf16 Downloading 59.77MB
 77e21c5caf16 Downloading 59.77MB
 77e21c5caf16 Downloading 59.77MB
 77e21c5caf16 Downloading 59.77MB
 77e21c5caf16 Downloading 59.77MB
 77e21c5caf16 Downloading 59.77MB
 77e21c5caf16 Downloading 59.77MB
 77e21c5caf16 Downloading 59.77MB
 77e21c5caf16 Downloading 59.77MB
 77e21c5caf16 Downloading 59.77MB
 77e21c5caf16 Downloading 59.77MB
 77e21c5caf16 Downloading 59.77MB
 77e21c5caf16 Downloading 59.77MB
 77e21c5caf16 Downloading 59.77MB
 77e21c5caf16 Downloading 59.77MB
 77e21c5caf16 Downloading 59.77MB
 77e21c5caf16 Downloading 60.82MB
 77e21c5caf16 Downloading 60.82MB
 77e21c5caf16 Downloading 60.82MB
 77e21c5caf16 Downloading 60.82MB
 77e21c5caf16 Downloading 60.82MB
 77e21c5caf16 Downloading 60.82MB
 77e21c5caf16 Downloading 60.82MB
 77e21c5caf16 Downloading 60.82MB
 77e21c5caf16 Downloading 60.82MB
 77e21c5caf16 Downloading 60.82MB
 77e21c5caf16 Downloading 60.82MB
 77e21c5caf16 Downloading 60.82MB
 77e21c5caf16 Downloading 60.82MB
 77e21c5caf16 Downloading 60.82MB
 77e21c5caf16 Downloading 60.82MB
 77e21c5caf16 Downloading 60.82MB
 77e21c5caf16 Downloading 60.82MB
 77e21c5caf16 Downloading 60.82MB
 77e21c5caf16 Downloading 60.82MB
 77e21c5caf16 Downloading 60.82MB
 77e21c5caf16 Downloading 60.82MB
 77e21c5caf16 Downloading 60.82MB
 77e21c5caf16 Downloading 60.82MB
 77e21c5caf16 Downloading 60.82MB
 77e21c5caf16 Downloading 60.82MB
 77e21c5caf16 Downloading 60.82MB
 77e21c5caf16 Downloading 60.82MB
 77e21c5caf16 Downloading 60.82MB
 77e21c5caf16 Downloading 60.82MB
 77e21c5caf16 Downloading 60.82MB
 77e21c5caf16 Downloading 60.82MB
 77e21c5caf16 Downloading 60.82MB
 77e21c5caf16 Downloading 60.82MB
 77e21c5caf16 Downloading 60.82MB
 77e21c5caf16 Downloading 60.82MB
 77e21c5caf16 Downloading 60.82MB
 77e21c5caf16 Downloading 60.82MB
 77e21c5caf16 Downloading 60.82MB
 77e21c5caf16 Downloading 60.82MB
 77e21c5caf16 Downloading 60.82MB
 77e21c5caf16 Downloading 60.82MB
 77e21c5caf16 Downloading 60.82MB
 77e21c5caf16 Downloading 60.82MB
 77e21c5caf16 Downloading 60.82MB
 77e21c5caf16 Downloading 60.82MB
 77e21c5caf16 Downloading 60.82MB
 77e21c5caf16 Downloading 60.82MB
 77e21c5caf16 Downloading 60.82MB
 77e21c5caf16 Downloading 60.82MB
 77e21c5caf16 Downloading 60.82MB
 77e21c5caf16 Downloading 60.82MB
 77e21c5caf16 Downloading 60.82MB
 77e21c5caf16 Downloading 60.82MB
 77e21c5caf16 Downloading 60.82MB
 77e21c5caf16 Downloading 60.82MB
 77e21c5caf16 Downloading 60.82MB
 77e21c5caf16 Downloading 60.82MB
 77e21c5caf16 Downloading 60.82MB
 77e21c5caf16 Downloading 60.82MB
 77e21c5caf16 Downloading 60.82MB
 77e21c5caf16 Downloading 60.82MB
 77e21c5caf16 Downloading 60.82MB
 77e21c5caf16 Downloading 60.82MB
 77e21c5caf16 Downloading 60.82MB
 77e21c5caf16 Downloading 60.82MB
 77e21c5caf16 Downloading 60.82MB
 77e21c5caf16 Downloading 60.82MB
 77e21c5caf16 Downloading 60.82MB
 77e21c5caf16 Downloading 60.82MB
 77e21c5caf16 Downloading 61.87MB
 77e21c5caf16 Downloading 61.87MB
 77e21c5caf16 Downloading 61.87MB
 77e21c5caf16 Downloading 61.87MB
 77e21c5caf16 Downloading 61.87MB
 77e21c5caf16 Downloading 61.87MB
 77e21c5caf16 Downloading 61.87MB
 77e21c5caf16 Downloading 61.87MB
 77e21c5caf16 Downloading 61.87MB
 77e21c5caf16 Downloading 61.87MB
 77e21c5caf16 Downloading 61.87MB
 77e21c5caf16 Downloading 61.87MB
 77e21c5caf16 Downloading 61.87MB
 77e21c5caf16 Downloading 61.87MB
 77e21c5caf16 Downloading 61.87MB
 77e21c5caf16 Downloading 61.87MB
 77e21c5caf16 Downloading 61.87MB
 77e21c5caf16 Downloading 61.87MB
 77e21c5caf16 Downloading 61.87MB
 77e21c5caf16 Downloading 61.87MB
 77e21c5caf16 Downloading 61.87MB
 77e21c5caf16 Downloading 61.87MB
 77e21c5caf16 Downloading 61.87MB
 77e21c5caf16 Downloading 61.87MB
 77e21c5caf16 Downloading 61.87MB
 77e21c5caf16 Downloading 61.87MB
 77e21c5caf16 Downloading 61.87MB
 77e21c5caf16 Downloading 61.87MB
 77e21c5caf16 Downloading 61.87MB
 77e21c5caf16 Downloading 61.87MB
 77e21c5caf16 Downloading 61.87MB
 77e21c5caf16 Downloading 61.87MB
 77e21c5caf16 Downloading 61.87MB
 77e21c5caf16 Downloading 61.87MB
 77e21c5caf16 Downloading 61.87MB
 77e21c5caf16 Downloading 61.87MB
 77e21c5caf16 Downloading 61.87MB
 77e21c5caf16 Downloading 61.87MB
 77e21c5caf16 Downloading 61.87MB
 77e21c5caf16 Downloading 61.87MB
 77e21c5caf16 Downloading 61.87MB
 77e21c5caf16 Downloading 61.87MB
 77e21c5caf16 Downloading 61.87MB
 77e21c5caf16 Downloading 61.87MB
 77e21c5caf16 Downloading 61.87MB
 77e21c5caf16 Downloading 61.87MB
 77e21c5caf16 Downloading 61.87MB
 77e21c5caf16 Downloading 61.87MB
 77e21c5caf16 Downloading 61.87MB
 77e21c5caf16 Downloading 61.87MB
 77e21c5caf16 Downloading 61.87MB
 77e21c5caf16 Downloading 61.87MB
 77e21c5caf16 Downloading 61.87MB
 77e21c5caf16 Downloading 61.87MB
 77e21c5caf16 Downloading 61.87MB
 77e21c5caf16 Downloading 61.87MB
 77e21c5caf16 Downloading 61.87MB
 77e21c5caf16 Downloading 61.87MB
 77e21c5caf16 Downloading 61.87MB
 77e21c5caf16 Downloading 61.87MB
 77e21c5caf16 Downloading 61.87MB
 77e21c5caf16 Downloading 61.87MB
 77e21c5caf16 Downloading 61.87MB
 77e21c5caf16 Downloading 61.87MB
 77e21c5caf16 Downloading 61.87MB
 77e21c5caf16 Downloading 61.87MB
 77e21c5caf16 Downloading 61.87MB
 77e21c5caf16 Downloading 61.87MB
 77e21c5caf16 Downloading 61.87MB
 77e21c5caf16 Downloading 61.87MB
 77e21c5caf16 Downloading 61.87MB
 77e21c5caf16 Downloading 61.87MB
 77e21c5caf16 Downloading 61.87MB
 77e21c5caf16 Downloading 61.87MB
 77e21c5caf16 Downloading 61.87MB
 77e21c5caf16 Downloading 61.87MB
 77e21c5caf16 Downloading 61.87MB
 77e21c5caf16 Downloading 61.87MB
 77e21c5caf16 Downloading 61.87MB
 77e21c5caf16 Downloading 61.87MB
 77e21c5caf16 Downloading 61.87MB
 77e21c5caf16 Downloading 61.87MB
 77e21c5caf16 Downloading 61.87MB
 77e21c5caf16 Downloading 61.87MB
 77e21c5caf16 Downloading 61.87MB
 77e21c5caf16 Downloading 62.91MB
 77e21c5caf16 Downloading 62.91MB
 77e21c5caf16 Downloading 62.91MB
 77e21c5caf16 Downloading 62.91MB
 77e21c5caf16 Downloading 62.91MB
 77e21c5caf16 Downloading 62.91MB
 77e21c5caf16 Downloading 62.91MB
 77e21c5caf16 Downloading 62.91MB
 77e21c5caf16 Downloading 62.91MB
 77e21c5caf16 Downloading 62.91MB
 77e21c5caf16 Downloading 62.91MB
 77e21c5caf16 Downloading 62.91MB
 77e21c5caf16 Downloading 62.91MB
 77e21c5caf16 Downloading 62.91MB
 77e21c5caf16 Downloading 62.91MB
 77e21c5caf16 Downloading 62.91MB
 77e21c5caf16 Downloading 62.91MB
 77e21c5caf16 Downloading 62.91MB
 77e21c5caf16 Downloading 62.91MB
 77e21c5caf16 Downloading 62.91MB
 77e21c5caf16 Downloading 62.91MB
 77e21c5caf16 Downloading 62.91MB
 77e21c5caf16 Downloading 62.91MB
 77e21c5caf16 Downloading 62.91MB
 77e21c5caf16 Downloading 62.91MB
 77e21c5caf16 Downloading 62.91MB
 77e21c5caf16 Downloading 62.91MB
 77e21c5caf16 Downloading 62.91MB
 77e21c5caf16 Downloading 62.91MB
 77e21c5caf16 Downloading 62.91MB
 77e21c5caf16 Downloading 62.91MB
 77e21c5caf16 Downloading 62.91MB
 77e21c5caf16 Downloading 62.91MB
 77e21c5caf16 Downloading 62.91MB
 77e21c5caf16 Downloading 62.91MB
 77e21c5caf16 Downloading 62.91MB
 77e21c5caf16 Downloading 62.91MB
 77e21c5caf16 Downloading 62.91MB
 77e21c5caf16 Downloading 62.91MB
 77e21c5caf16 Downloading 62.91MB
 77e21c5caf16 Downloading 62.91MB
 77e21c5caf16 Downloading 62.91MB
 77e21c5caf16 Downloading 62.91MB
 77e21c5caf16 Downloading 62.91MB
 77e21c5caf16 Downloading 62.91MB
 77e21c5caf16 Downloading 62.91MB
 77e21c5caf16 Downloading 62.91MB
 77e21c5caf16 Downloading 62.91MB
 77e21c5caf16 Downloading 62.91MB
 77e21c5caf16 Downloading 62.91MB
 77e21c5caf16 Downloading 62.91MB
 77e21c5caf16 Downloading 62.91MB
 77e21c5caf16 Downloading 62.91MB
 77e21c5caf16 Downloading 62.91MB
 77e21c5caf16 Downloading 62.91MB
 77e21c5caf16 Downloading 62.91MB
 77e21c5caf16 Downloading 62.91MB
 77e21c5caf16 Downloading 62.91MB
 77e21c5caf16 Downloading 62.91MB
 77e21c5caf16 Downloading 62.91MB
 77e21c5caf16 Downloading 62.91MB
 77e21c5caf16 Downloading 62.91MB
 77e21c5caf16 Downloading 62.91MB
 77e21c5caf16 Downloading 62.91MB
 77e21c5caf16 Downloading 62.91MB
 77e21c5caf16 Downloading 62.91MB
 77e21c5caf16 Downloading 62.91MB
 77e21c5caf16 Downloading 62.91MB
 77e21c5caf16 Downloading 62.91MB
 77e21c5caf16 Downloading 62.91MB
 77e21c5caf16 Downloading 62.91MB
 77e21c5caf16 Downloading 62.91MB
 77e21c5caf16 Downloading 62.91MB
 77e21c5caf16 Downloading 63.96MB
 77e21c5caf16 Downloading 63.96MB
 77e21c5caf16 Downloading 63.96MB
 77e21c5caf16 Downloading 63.96MB
 77e21c5caf16 Downloading 63.96MB
 77e21c5caf16 Downloading 63.96MB
 77e21c5caf16 Downloading 63.96MB
 77e21c5caf16 Downloading 63.96MB
 77e21c5caf16 Downloading 63.96MB
 77e21c5caf16 Downloading 63.96MB
 77e21c5caf16 Downloading 63.96MB
 77e21c5caf16 Downloading 63.96MB
 77e21c5caf16 Downloading 63.96MB
 77e21c5caf16 Downloading 63.96MB
 77e21c5caf16 Downloading 63.96MB
 77e21c5caf16 Downloading 63.96MB
 77e21c5caf16 Downloading 63.96MB
 77e21c5caf16 Downloading 63.96MB
 77e21c5caf16 Downloading 63.96MB
 77e21c5caf16 Downloading 63.96MB
 77e21c5caf16 Downloading 63.96MB
 77e21c5caf16 Downloading 63.96MB
 77e21c5caf16 Downloading 63.96MB
 77e21c5caf16 Downloading 63.96MB
 77e21c5caf16 Downloading 63.96MB
 77e21c5caf16 Downloading 63.96MB
 77e21c5caf16 Downloading 63.96MB
 77e21c5caf16 Downloading 63.96MB
 77e21c5caf16 Downloading 63.96MB
 77e21c5caf16 Downloading 63.96MB
 77e21c5caf16 Downloading 63.96MB
 77e21c5caf16 Downloading 63.96MB
 77e21c5caf16 Downloading 63.96MB
 77e21c5caf16 Downloading 63.96MB
 77e21c5caf16 Downloading 63.96MB
 77e21c5caf16 Downloading 63.96MB
 77e21c5caf16 Downloading 63.96MB
 77e21c5caf16 Downloading 63.96MB
 77e21c5caf16 Downloading 63.96MB
 77e21c5caf16 Downloading 63.96MB
 77e21c5caf16 Downloading 63.96MB
 77e21c5caf16 Downloading 63.96MB
 77e21c5caf16 Downloading 63.96MB
 77e21c5caf16 Downloading 63.96MB
 77e21c5caf16 Downloading 63.96MB
 77e21c5caf16 Downloading 63.96MB
 77e21c5caf16 Downloading 63.96MB
 77e21c5caf16 Downloading 63.96MB
 77e21c5caf16 Downloading 63.96MB
 77e21c5caf16 Downloading 63.96MB
 77e21c5caf16 Downloading 63.96MB
 77e21c5caf16 Downloading 63.96MB
 77e21c5caf16 Downloading 63.96MB
 77e21c5caf16 Downloading 63.96MB
 77e21c5caf16 Downloading 63.96MB
 77e21c5caf16 Downloading 65.01MB
 77e21c5caf16 Downloading 65.01MB
 77e21c5caf16 Downloading 65.01MB
 77e21c5caf16 Downloading 65.01MB
 77e21c5caf16 Downloading 65.01MB
 77e21c5caf16 Downloading 65.01MB
 77e21c5caf16 Downloading 65.01MB
 77e21c5caf16 Downloading 65.01MB
 77e21c5caf16 Downloading 65.01MB
 77e21c5caf16 Downloading 65.01MB
 77e21c5caf16 Downloading 65.01MB
 77e21c5caf16 Downloading 65.01MB
 77e21c5caf16 Downloading 65.01MB
 77e21c5caf16 Downloading 65.01MB
 77e21c5caf16 Downloading 65.01MB
 77e21c5caf16 Downloading 65.01MB
 77e21c5caf16 Downloading 65.01MB
 77e21c5caf16 Downloading 65.01MB
 77e21c5caf16 Downloading 65.01MB
 77e21c5caf16 Downloading 65.01MB
 77e21c5caf16 Downloading 65.01MB
 77e21c5caf16 Downloading 65.01MB
 77e21c5caf16 Downloading 65.01MB
 77e21c5caf16 Downloading 65.01MB
 77e21c5caf16 Downloading 65.01MB
 77e21c5caf16 Downloading 65.01MB
 77e21c5caf16 Downloading 65.01MB
 77e21c5caf16 Downloading 65.01MB
 77e21c5caf16 Downloading 65.01MB
 77e21c5caf16 Downloading 65.01MB
 77e21c5caf16 Downloading 65.01MB
 77e21c5caf16 Downloading 65.01MB
 77e21c5caf16 Downloading 65.01MB
 77e21c5caf16 Downloading 65.01MB
 77e21c5caf16 Downloading 65.01MB
 77e21c5caf16 Downloading 65.01MB
 77e21c5caf16 Downloading 65.01MB
 77e21c5caf16 Downloading 65.01MB
 77e21c5caf16 Downloading 65.01MB
 77e21c5caf16 Downloading 65.01MB
 77e21c5caf16 Downloading 65.01MB
 77e21c5caf16 Downloading 65.01MB
 77e21c5caf16 Downloading 65.01MB
 77e21c5caf16 Downloading 65.01MB
 77e21c5caf16 Downloading 65.01MB
 77e21c5caf16 Downloading 65.01MB
 77e21c5caf16 Downloading 65.01MB
 77e21c5caf16 Downloading 65.01MB
 77e21c5caf16 Downloading 65.01MB
 77e21c5caf16 Downloading 65.01MB
 77e21c5caf16 Downloading 65.01MB
 77e21c5caf16 Downloading 65.01MB
 77e21c5caf16 Downloading 65.01MB
 77e21c5caf16 Downloading 65.01MB
 77e21c5caf16 Downloading 66.06MB
 77e21c5caf16 Downloading 66.06MB
 77e21c5caf16 Downloading 66.06MB
 77e21c5caf16 Downloading 66.06MB
 77e21c5caf16 Downloading 66.06MB
 77e21c5caf16 Downloading 66.06MB
 77e21c5caf16 Downloading 66.06MB
 77e21c5caf16 Downloading 66.06MB
 77e21c5caf16 Downloading 66.06MB
 77e21c5caf16 Downloading 66.06MB
 77e21c5caf16 Downloading 66.06MB
 77e21c5caf16 Downloading 66.06MB
 77e21c5caf16 Downloading 66.06MB
 77e21c5caf16 Downloading 66.06MB
 77e21c5caf16 Downloading 66.06MB
 77e21c5caf16 Downloading 66.06MB
 77e21c5caf16 Downloading 66.06MB
 77e21c5caf16 Downloading 66.06MB
 77e21c5caf16 Downloading 66.06MB
 77e21c5caf16 Downloading 66.06MB
 77e21c5caf16 Downloading 66.06MB
 77e21c5caf16 Downloading 66.06MB
 77e21c5caf16 Downloading 66.06MB
 77e21c5caf16 Downloading 66.06MB
 77e21c5caf16 Downloading 66.06MB
 77e21c5caf16 Downloading 66.06MB
 77e21c5caf16 Downloading 66.06MB
 77e21c5caf16 Downloading 66.06MB
 77e21c5caf16 Downloading 66.06MB
 77e21c5caf16 Downloading 66.06MB
 77e21c5caf16 Downloading 66.06MB
 77e21c5caf16 Downloading 66.06MB
 77e21c5caf16 Downloading 66.06MB
 77e21c5caf16 Downloading 66.06MB
 77e21c5caf16 Downloading 66.06MB
 77e21c5caf16 Downloading 66.06MB
 77e21c5caf16 Downloading 66.06MB
 77e21c5caf16 Downloading 66.06MB
 77e21c5caf16 Downloading 66.06MB
 77e21c5caf16 Downloading 66.06MB
 77e21c5caf16 Downloading 66.06MB
 77e21c5caf16 Downloading 66.06MB
 77e21c5caf16 Downloading 66.06MB
 77e21c5caf16 Downloading 66.06MB
 77e21c5caf16 Downloading 66.06MB
 77e21c5caf16 Downloading 66.06MB
 77e21c5caf16 Downloading 66.06MB
 77e21c5caf16 Downloading 66.06MB
 77e21c5caf16 Downloading 66.06MB
 77e21c5caf16 Downloading 66.06MB
 77e21c5caf16 Downloading 66.06MB
 77e21c5caf16 Downloading 66.06MB
 77e21c5caf16 Downloading 66.06MB
 77e21c5caf16 Downloading 66.06MB
 77e21c5caf16 Downloading 66.06MB
 77e21c5caf16 Downloading 66.06MB
 77e21c5caf16 Downloading 66.06MB
 77e21c5caf16 Downloading 66.06MB
 77e21c5caf16 Downloading 66.06MB
 77e21c5caf16 Downloading 66.06MB
 77e21c5caf16 Downloading 66.06MB
 77e21c5caf16 Downloading 66.06MB
 77e21c5caf16 Downloading 66.06MB
 77e21c5caf16 Downloading 66.06MB
 77e21c5caf16 Downloading 66.06MB
 77e21c5caf16 Downloading 66.06MB
 77e21c5caf16 Downloading 66.06MB
 77e21c5caf16 Downloading 66.06MB
 77e21c5caf16 Downloading 66.06MB
 77e21c5caf16 Downloading 66.06MB
 77e21c5caf16 Downloading 66.06MB
 77e21c5caf16 Downloading 66.06MB
 77e21c5caf16 Downloading 66.06MB
 77e21c5caf16 Downloading 66.06MB
 77e21c5caf16 Downloading 66.06MB
 77e21c5caf16 Downloading 66.06MB
 77e21c5caf16 Downloading 66.06MB
 77e21c5caf16 Downloading 66.06MB
 77e21c5caf16 Downloading 66.06MB
 77e21c5caf16 Downloading 66.06MB
 77e21c5caf16 Downloading 66.06MB
 77e21c5caf16 Downloading 66.06MB
 77e21c5caf16 Downloading 66.06MB
 77e21c5caf16 Downloading 66.06MB
 77e21c5caf16 Downloading 66.06MB
 77e21c5caf16 Downloading 66.06MB
 77e21c5caf16 Downloading 66.06MB
 77e21c5caf16 Downloading 66.06MB
 77e21c5caf16 Downloading 66.06MB
 77e21c5caf16 Downloading 66.06MB
 77e21c5caf16 Downloading 67.11MB
 77e21c5caf16 Downloading 67.11MB
 77e21c5caf16 Downloading 67.11MB
 77e21c5caf16 Downloading 67.11MB
 77e21c5caf16 Downloading 67.11MB
 77e21c5caf16 Downloading 67.11MB
 77e21c5caf16 Downloading 67.11MB
 77e21c5caf16 Downloading 67.11MB
 77e21c5caf16 Downloading 67.11MB
 77e21c5caf16 Downloading 67.11MB
 77e21c5caf16 Downloading 67.11MB
 77e21c5caf16 Downloading 67.11MB
 77e21c5caf16 Downloading 67.11MB
 77e21c5caf16 Downloading 67.11MB
 77e21c5caf16 Downloading 67.11MB
 77e21c5caf16 Downloading 67.11MB
 77e21c5caf16 Downloading 67.11MB
 77e21c5caf16 Downloading 67.11MB
 77e21c5caf16 Downloading 67.11MB
 77e21c5caf16 Downloading 67.11MB
 77e21c5caf16 Downloading 67.11MB
 77e21c5caf16 Downloading 67.11MB
 77e21c5caf16 Downloading 68.16MB
 77e21c5caf16 Downloading 68.16MB
 77e21c5caf16 Downloading 68.16MB
 77e21c5caf16 Downloading 68.16MB
 77e21c5caf16 Downloading 68.16MB
 77e21c5caf16 Downloading 68.16MB
 77e21c5caf16 Downloading 68.16MB
 77e21c5caf16 Downloading 68.16MB
 77e21c5caf16 Downloading 68.16MB
 77e21c5caf16 Downloading 68.16MB
 77e21c5caf16 Downloading 68.16MB
 77e21c5caf16 Downloading 68.16MB
 77e21c5caf16 Downloading 68.16MB
 77e21c5caf16 Downloading 68.16MB
 77e21c5caf16 Downloading 68.16MB
 77e21c5caf16 Downloading 68.16MB
 77e21c5caf16 Downloading 68.16MB
 77e21c5caf16 Downloading 69.21MB
 77e21c5caf16 Downloading 69.21MB
 77e21c5caf16 Downloading 69.21MB
 77e21c5caf16 Downloading 69.21MB
 77e21c5caf16 Downloading 69.21MB
 77e21c5caf16 Downloading 69.21MB
 77e21c5caf16 Downloading 69.21MB
 77e21c5caf16 Downloading 69.21MB
 77e21c5caf16 Downloading 69.21MB
 77e21c5caf16 Downloading 69.21MB
 77e21c5caf16 Downloading 69.21MB
 77e21c5caf16 Downloading 69.21MB
 77e21c5caf16 Downloading 69.21MB
 77e21c5caf16 Downloading 69.21MB
 77e21c5caf16 Downloading 69.21MB
 77e21c5caf16 Downloading 69.21MB
 77e21c5caf16 Downloading 69.21MB
 77e21c5caf16 Downloading 69.21MB
 77e21c5caf16 Downloading 69.21MB
 77e21c5caf16 Downloading 69.21MB
 77e21c5caf16 Downloading 69.21MB
 77e21c5caf16 Downloading 69.21MB
 77e21c5caf16 Downloading 69.21MB
 77e21c5caf16 Downloading 69.21MB
 77e21c5caf16 Downloading 69.21MB
 77e21c5caf16 Downloading 69.21MB
 77e21c5caf16 Downloading 69.21MB
 77e21c5caf16 Downloading 69.21MB
 77e21c5caf16 Downloading 69.21MB
 77e21c5caf16 Downloading 69.21MB
 77e21c5caf16 Downloading 69.21MB
 77e21c5caf16 Downloading 69.21MB
 77e21c5caf16 Downloading 69.21MB
 77e21c5caf16 Downloading 70.25MB
 77e21c5caf16 Downloading 70.25MB
 77e21c5caf16 Downloading 70.25MB
 77e21c5caf16 Downloading 70.25MB
 77e21c5caf16 Downloading 70.25MB
 77e21c5caf16 Downloading 70.25MB
 77e21c5caf16 Downloading 70.25MB
 77e21c5caf16 Downloading 70.25MB
 77e21c5caf16 Downloading 70.25MB
 77e21c5caf16 Downloading 70.25MB
 77e21c5caf16 Downloading 70.25MB
 77e21c5caf16 Downloading 70.25MB
 77e21c5caf16 Downloading 70.25MB
 77e21c5caf16 Downloading 70.25MB
 77e21c5caf16 Downloading 70.25MB
 77e21c5caf16 Downloading 70.25MB
 77e21c5caf16 Downloading 70.25MB
 77e21c5caf16 Downloading 70.25MB
 77e21c5caf16 Downloading 70.25MB
 77e21c5caf16 Downloading 70.25MB
 77e21c5caf16 Downloading 70.25MB
 77e21c5caf16 Downloading 70.25MB
 77e21c5caf16 Downloading 70.25MB
 77e21c5caf16 Downloading 70.25MB
 77e21c5caf16 Downloading 70.25MB
 77e21c5caf16 Downloading 70.25MB
 77e21c5caf16 Downloading 70.25MB
 77e21c5caf16 Downloading 70.25MB
 77e21c5caf16 Downloading 70.25MB
 77e21c5caf16 Downloading 70.25MB
 77e21c5caf16 Downloading 70.25MB
 77e21c5caf16 Downloading 70.25MB
 77e21c5caf16 Downloading 70.25MB
 77e21c5caf16 Downloading 70.25MB
 77e21c5caf16 Downloading 71.3MB
 77e21c5caf16 Downloading 71.3MB
 77e21c5caf16 Downloading 71.3MB
 77e21c5caf16 Downloading 71.3MB
 77e21c5caf16 Downloading 71.3MB
 77e21c5caf16 Downloading 71.3MB
 77e21c5caf16 Downloading 71.3MB
 77e21c5caf16 Downloading 71.3MB
 77e21c5caf16 Downloading 71.3MB
 77e21c5caf16 Downloading 71.3MB
 77e21c5caf16 Downloading 71.3MB
 77e21c5caf16 Downloading 71.3MB
 77e21c5caf16 Downloading 71.3MB
 77e21c5caf16 Downloading 71.3MB
 77e21c5caf16 Downloading 71.3MB
 77e21c5caf16 Downloading 71.3MB
 77e21c5caf16 Downloading 71.3MB
 77e21c5caf16 Downloading 71.3MB
 77e21c5caf16 Downloading 71.3MB
 77e21c5caf16 Downloading 71.3MB
 77e21c5caf16 Downloading 71.3MB
 77e21c5caf16 Downloading 71.3MB
 77e21c5caf16 Downloading 71.3MB
 77e21c5caf16 Downloading 71.3MB
 77e21c5caf16 Downloading 71.3MB
 77e21c5caf16 Downloading 71.3MB
 77e21c5caf16 Downloading 71.3MB
 77e21c5caf16 Downloading 71.3MB
 77e21c5caf16 Downloading 71.3MB
 77e21c5caf16 Downloading 71.3MB
 77e21c5caf16 Downloading 71.3MB
 77e21c5caf16 Downloading 71.3MB
 77e21c5caf16 Downloading 71.3MB
 77e21c5caf16 Downloading 71.3MB
 77e21c5caf16 Downloading 72.35MB
 77e21c5caf16 Downloading 72.35MB
 77e21c5caf16 Downloading 72.35MB
 77e21c5caf16 Downloading 72.35MB
 77e21c5caf16 Downloading 72.35MB
 77e21c5caf16 Downloading 72.35MB
 77e21c5caf16 Downloading 72.35MB
 77e21c5caf16 Downloading 72.35MB
 77e21c5caf16 Downloading 72.35MB
 77e21c5caf16 Downloading 72.35MB
 77e21c5caf16 Downloading 72.35MB
 77e21c5caf16 Downloading 72.35MB
 77e21c5caf16 Downloading 72.35MB
 77e21c5caf16 Downloading 72.35MB
 77e21c5caf16 Downloading 72.35MB
 77e21c5caf16 Downloading 72.35MB
 77e21c5caf16 Downloading 72.35MB
 77e21c5caf16 Downloading 72.35MB
 77e21c5caf16 Downloading 72.35MB
 77e21c5caf16 Downloading 72.35MB
 77e21c5caf16 Downloading 72.35MB
 77e21c5caf16 Downloading 72.35MB
 77e21c5caf16 Downloading 72.35MB
 77e21c5caf16 Downloading 72.35MB
 77e21c5caf16 Downloading 72.35MB
 77e21c5caf16 Downloading 72.35MB
 77e21c5caf16 Downloading 72.35MB
 77e21c5caf16 Downloading 72.35MB
 77e21c5caf16 Downloading 72.35MB
 77e21c5caf16 Downloading 72.35MB
 77e21c5caf16 Downloading 72.35MB
 77e21c5caf16 Downloading 73.4MB
 77e21c5caf16 Downloading 73.4MB
 77e21c5caf16 Downloading 73.4MB
 77e21c5caf16 Downloading 73.4MB
 77e21c5caf16 Downloading 73.4MB
 77e21c5caf16 Downloading 73.4MB
 77e21c5caf16 Downloading 73.4MB
 77e21c5caf16 Downloading 73.4MB
 77e21c5caf16 Downloading 73.4MB
 77e21c5caf16 Downloading 73.4MB
 77e21c5caf16 Downloading 73.4MB
 77e21c5caf16 Downloading 73.4MB
 77e21c5caf16 Downloading 73.4MB
 77e21c5caf16 Downloading 73.4MB
 77e21c5caf16 Downloading 73.4MB
 77e21c5caf16 Downloading 73.4MB
 77e21c5caf16 Downloading 73.4MB
 77e21c5caf16 Downloading 73.4MB
 77e21c5caf16 Downloading 73.4MB
 77e21c5caf16 Downloading 73.4MB
 77e21c5caf16 Downloading 73.4MB
 77e21c5caf16 Downloading 73.4MB
 77e21c5caf16 Downloading 73.4MB
 77e21c5caf16 Downloading 73.4MB
 77e21c5caf16 Downloading 73.4MB
 77e21c5caf16 Downloading 73.4MB
 77e21c5caf16 Downloading 73.4MB
 77e21c5caf16 Downloading 73.4MB
 77e21c5caf16 Downloading 73.4MB
 77e21c5caf16 Downloading 73.4MB
 77e21c5caf16 Downloading 73.4MB
 77e21c5caf16 Downloading 73.4MB
 77e21c5caf16 Downloading 73.4MB
 77e21c5caf16 Downloading 73.4MB
 77e21c5caf16 Downloading 74.45MB
 77e21c5caf16 Downloading 74.45MB
 77e21c5caf16 Downloading 74.45MB
 77e21c5caf16 Downloading 74.45MB
 77e21c5caf16 Downloading 74.45MB
 77e21c5caf16 Downloading 74.45MB
 77e21c5caf16 Downloading 74.45MB
 77e21c5caf16 Downloading 74.45MB
 77e21c5caf16 Downloading 74.45MB
 77e21c5caf16 Downloading 74.45MB
 77e21c5caf16 Downloading 74.45MB
 77e21c5caf16 Downloading 74.45MB
 77e21c5caf16 Downloading 74.45MB
 77e21c5caf16 Downloading 74.45MB
 77e21c5caf16 Downloading 74.45MB
 77e21c5caf16 Downloading 74.45MB
 77e21c5caf16 Downloading 74.45MB
 77e21c5caf16 Downloading 74.45MB
 77e21c5caf16 Downloading 74.45MB
 77e21c5caf16 Downloading 74.45MB
 77e21c5caf16 Downloading 74.45MB
 77e21c5caf16 Downloading 74.45MB
 77e21c5caf16 Downloading 74.45MB
 77e21c5caf16 Downloading 74.45MB
 77e21c5caf16 Downloading 74.45MB
 77e21c5caf16 Downloading 74.45MB
 77e21c5caf16 Downloading 74.45MB
 77e21c5caf16 Downloading 74.45MB
 77e21c5caf16 Downloading 74.45MB
 77e21c5caf16 Downloading 74.45MB
 77e21c5caf16 Downloading 74.45MB
 77e21c5caf16 Downloading 74.45MB
 77e21c5caf16 Downloading 75.5MB
 77e21c5caf16 Downloading 75.5MB
 77e21c5caf16 Downloading 75.5MB
 77e21c5caf16 Downloading 75.5MB
 77e21c5caf16 Downloading 75.5MB
 77e21c5caf16 Downloading 75.5MB
 77e21c5caf16 Downloading 75.5MB
 77e21c5caf16 Downloading 75.5MB
 77e21c5caf16 Downloading 75.5MB
 77e21c5caf16 Downloading 75.5MB
 77e21c5caf16 Downloading 75.5MB
 77e21c5caf16 Downloading 75.5MB
 77e21c5caf16 Downloading 75.5MB
 77e21c5caf16 Downloading 75.5MB
 77e21c5caf16 Downloading 75.5MB
 77e21c5caf16 Downloading 75.5MB
 77e21c5caf16 Downloading 75.5MB
 77e21c5caf16 Downloading 75.5MB
 77e21c5caf16 Downloading 75.5MB
 77e21c5caf16 Downloading 75.5MB
 77e21c5caf16 Downloading 75.5MB
 77e21c5caf16 Downloading 75.5MB
 77e21c5caf16 Downloading 75.5MB
 77e21c5caf16 Downloading 75.5MB
 77e21c5caf16 Downloading 75.5MB
 77e21c5caf16 Downloading 75.5MB
 77e21c5caf16 Downloading 75.5MB
 77e21c5caf16 Downloading 75.5MB
 77e21c5caf16 Downloading 75.5MB
 77e21c5caf16 Downloading 75.5MB
 77e21c5caf16 Downloading 75.5MB
 77e21c5caf16 Downloading 75.5MB
 77e21c5caf16 Downloading 75.5MB
 77e21c5caf16 Downloading 75.5MB
 77e21c5caf16 Downloading 75.5MB
 77e21c5caf16 Downloading 75.5MB
 77e21c5caf16 Downloading 75.5MB
 77e21c5caf16 Downloading 75.5MB
 77e21c5caf16 Downloading 75.5MB
 77e21c5caf16 Downloading 75.5MB
 77e21c5caf16 Downloading 75.5MB
 77e21c5caf16 Downloading 75.5MB
 77e21c5caf16 Downloading 75.5MB
 77e21c5caf16 Downloading 75.5MB
 77e21c5caf16 Downloading 75.5MB
 77e21c5caf16 Downloading 75.5MB
 77e21c5caf16 Downloading 75.5MB
 77e21c5caf16 Downloading 75.5MB
 77e21c5caf16 Downloading 75.5MB
 77e21c5caf16 Downloading 75.5MB
 77e21c5caf16 Downloading 75.5MB
 77e21c5caf16 Downloading 75.5MB
 77e21c5caf16 Downloading 75.5MB
 77e21c5caf16 Downloading 75.5MB
 77e21c5caf16 Downloading 75.5MB
 77e21c5caf16 Downloading 75.5MB
 77e21c5caf16 Downloading 75.5MB
 77e21c5caf16 Downloading 75.5MB
 77e21c5caf16 Downloading 75.5MB
 77e21c5caf16 Downloading 75.5MB
 77e21c5caf16 Downloading 75.5MB
 77e21c5caf16 Downloading 75.5MB
 77e21c5caf16 Downloading 75.5MB
 77e21c5caf16 Downloading 75.5MB
 77e21c5caf16 Downloading 75.5MB
 77e21c5caf16 Downloading 75.5MB
 77e21c5caf16 Downloading 75.5MB
 77e21c5caf16 Downloading 75.5MB
 77e21c5caf16 Downloading 76.55MB
 77e21c5caf16 Downloading 76.55MB
 77e21c5caf16 Downloading 76.55MB
 77e21c5caf16 Downloading 76.55MB
 77e21c5caf16 Downloading 76.55MB
 77e21c5caf16 Downloading 76.55MB
 77e21c5caf16 Downloading 76.55MB
 77e21c5caf16 Downloading 76.55MB
 77e21c5caf16 Downloading 76.55MB
 77e21c5caf16 Downloading 76.55MB
 77e21c5caf16 Downloading 76.55MB
 77e21c5caf16 Downloading 76.55MB
 77e21c5caf16 Downloading 76.55MB
 77e21c5caf16 Downloading 76.55MB
 77e21c5caf16 Downloading 76.55MB
 77e21c5caf16 Downloading 76.55MB
 77e21c5caf16 Downloading 76.55MB
 77e21c5caf16 Downloading 76.55MB
 77e21c5caf16 Downloading 76.55MB
 77e21c5caf16 Downloading 76.55MB
 77e21c5caf16 Downloading 76.55MB
 77e21c5caf16 Downloading 76.55MB
 77e21c5caf16 Downloading 76.55MB
 77e21c5caf16 Downloading 76.55MB
 77e21c5caf16 Downloading 76.55MB
 77e21c5caf16 Downloading 76.55MB
 77e21c5caf16 Downloading 76.55MB
 77e21c5caf16 Downloading 76.55MB
 77e21c5caf16 Downloading 76.55MB
 77e21c5caf16 Downloading 76.55MB
 77e21c5caf16 Downloading 76.55MB
 77e21c5caf16 Downloading 76.55MB
 77e21c5caf16 Downloading 76.55MB
 77e21c5caf16 Downloading 77.59MB
 77e21c5caf16 Downloading 77.59MB
 77e21c5caf16 Downloading 77.59MB
 77e21c5caf16 Downloading 77.59MB
 77e21c5caf16 Downloading 77.59MB
 77e21c5caf16 Downloading 77.59MB
 77e21c5caf16 Downloading 77.59MB
 77e21c5caf16 Downloading 77.59MB
 77e21c5caf16 Downloading 77.59MB
 77e21c5caf16 Downloading 77.59MB
 77e21c5caf16 Downloading 77.59MB
 77e21c5caf16 Downloading 77.59MB
 77e21c5caf16 Downloading 77.59MB
 77e21c5caf16 Downloading 77.59MB
 77e21c5caf16 Downloading 78.64MB
 77e21c5caf16 Downloading 78.64MB
 77e21c5caf16 Downloading 78.64MB
 77e21c5caf16 Downloading 78.64MB
 77e21c5caf16 Downloading 78.64MB
 77e21c5caf16 Downloading 78.64MB
 77e21c5caf16 Downloading 78.64MB
 77e21c5caf16 Downloading 78.64MB
 77e21c5caf16 Downloading 78.64MB
 77e21c5caf16 Downloading 79.69MB
 77e21c5caf16 Downloading 79.69MB
 77e21c5caf16 Downloading 79.69MB
 77e21c5caf16 Downloading 79.69MB
 77e21c5caf16 Downloading 79.69MB
 77e21c5caf16 Downloading 79.69MB
 77e21c5caf16 Downloading 79.69MB
 77e21c5caf16 Downloading 79.69MB
 77e21c5caf16 Downloading 79.69MB
 77e21c5caf16 Downloading 79.69MB
 77e21c5caf16 Downloading 80.74MB
 77e21c5caf16 Downloading 80.74MB
 77e21c5caf16 Downloading 80.74MB
 77e21c5caf16 Downloading 80.74MB
 77e21c5caf16 Downloading 80.74MB
 77e21c5caf16 Downloading 81.79MB
 77e21c5caf16 Downloading 81.79MB
 77e21c5caf16 Downloading 81.79MB
 77e21c5caf16 Downloading 81.79MB
 77e21c5caf16 Downloading 81.79MB
 77e21c5caf16 Downloading 81.79MB
 77e21c5caf16 Downloading 81.79MB
 77e21c5caf16 Downloading 81.79MB
 77e21c5caf16 Downloading 82.84MB
 77e21c5caf16 Downloading 82.84MB
 77e21c5caf16 Downloading 82.84MB
 77e21c5caf16 Downloading 82.84MB
 77e21c5caf16 Downloading 82.84MB
 77e21c5caf16 Downloading 82.84MB
 77e21c5caf16 Downloading 82.84MB
 77e21c5caf16 Downloading 82.84MB
 77e21c5caf16 Downloading 83.89MB
 77e21c5caf16 Downloading 83.89MB
 77e21c5caf16 Downloading 83.89MB
 77e21c5caf16 Downloading 83.89MB
 77e21c5caf16 Downloading 83.89MB
 77e21c5caf16 Downloading 83.89MB
 77e21c5caf16 Downloading 83.89MB
 77e21c5caf16 Downloading 83.89MB
 77e21c5caf16 Downloading 83.89MB
 77e21c5caf16 Downloading 83.89MB
 77e21c5caf16 Downloading 83.89MB
 77e21c5caf16 Downloading 83.89MB
 77e21c5caf16 Downloading 84.93MB
 77e21c5caf16 Downloading 84.93MB
 77e21c5caf16 Downloading 84.93MB
 77e21c5caf16 Downloading 84.93MB
 77e21c5caf16 Downloading 84.93MB
 77e21c5caf16 Downloading 84.93MB
 77e21c5caf16 Downloading 84.93MB
 77e21c5caf16 Downloading 84.93MB
 77e21c5caf16 Downloading 84.93MB
 77e21c5caf16 Downloading 84.93MB
 77e21c5caf16 Downloading 84.93MB
 77e21c5caf16 Downloading 84.93MB
 77e21c5caf16 Downloading 85.98MB
 77e21c5caf16 Downloading 85.98MB
 77e21c5caf16 Downloading 85.98MB
 77e21c5caf16 Downloading 85.98MB
 77e21c5caf16 Downloading 85.98MB
 77e21c5caf16 Downloading 85.98MB
 77e21c5caf16 Downloading 85.98MB
 77e21c5caf16 Downloading 85.98MB
 77e21c5caf16 Downloading 85.98MB
 77e21c5caf16 Downloading 85.98MB
 77e21c5caf16 Downloading 85.98MB
 77e21c5caf16 Downloading 85.98MB
 77e21c5caf16 Downloading 85.98MB
 77e21c5caf16 Downloading 85.98MB
 77e21c5caf16 Downloading 85.98MB
 77e21c5caf16 Downloading 85.98MB
 77e21c5caf16 Downloading 87.03MB
 77e21c5caf16 Downloading 87.03MB
 77e21c5caf16 Downloading 87.03MB
 77e21c5caf16 Downloading 87.03MB
 77e21c5caf16 Downloading 87.03MB
 77e21c5caf16 Downloading 87.03MB
 77e21c5caf16 Downloading 87.03MB
 77e21c5caf16 Downloading 87.03MB
 77e21c5caf16 Downloading 87.03MB
 77e21c5caf16 Downloading 87.03MB
 77e21c5caf16 Downloading 87.03MB
 77e21c5caf16 Downloading 87.03MB
 77e21c5caf16 Downloading 87.03MB
 77e21c5caf16 Downloading 87.03MB
 77e21c5caf16 Downloading 87.03MB
 77e21c5caf16 Downloading 87.03MB
 77e21c5caf16 Downloading 87.03MB
 77e21c5caf16 Downloading 87.03MB
 77e21c5caf16 Downloading 87.03MB
 77e21c5caf16 Downloading 87.03MB
 77e21c5caf16 Downloading 88.08MB
 77e21c5caf16 Downloading 88.08MB
 77e21c5caf16 Downloading 88.08MB
 77e21c5caf16 Downloading 88.08MB
 77e21c5caf16 Downloading 88.08MB
 77e21c5caf16 Downloading 88.08MB
 77e21c5caf16 Downloading 88.08MB
 77e21c5caf16 Downloading 88.08MB
 77e21c5caf16 Downloading 88.08MB
 77e21c5caf16 Downloading 88.08MB
 77e21c5caf16 Downloading 88.08MB
 77e21c5caf16 Downloading 88.08MB
 77e21c5caf16 Downloading 88.08MB
 77e21c5caf16 Downloading 88.08MB
 77e21c5caf16 Downloading 88.08MB
 77e21c5caf16 Downloading 88.08MB
 77e21c5caf16 Downloading 88.08MB
 77e21c5caf16 Downloading 88.08MB
 77e21c5caf16 Downloading 88.08MB
 77e21c5caf16 Downloading 88.08MB
 77e21c5caf16 Downloading 89.13MB
 77e21c5caf16 Downloading 89.13MB
 77e21c5caf16 Downloading 89.13MB
 77e21c5caf16 Downloading 89.13MB
 77e21c5caf16 Downloading 89.13MB
 77e21c5caf16 Downloading 89.13MB
 77e21c5caf16 Downloading 89.13MB
 77e21c5caf16 Downloading 89.13MB
 77e21c5caf16 Downloading 89.13MB
 77e21c5caf16 Downloading 89.13MB
 77e21c5caf16 Downloading 89.13MB
 77e21c5caf16 Downloading 89.13MB
 77e21c5caf16 Downloading 89.13MB
 77e21c5caf16 Downloading 89.13MB
 77e21c5caf16 Downloading 89.13MB
 77e21c5caf16 Downloading 89.13MB
 77e21c5caf16 Downloading 89.13MB
 77e21c5caf16 Downloading 89.13MB
 77e21c5caf16 Downloading 89.13MB
 77e21c5caf16 Downloading 89.13MB
 77e21c5caf16 Downloading 89.13MB
 77e21c5caf16 Downloading 89.13MB
 77e21c5caf16 Downloading 89.13MB
 77e21c5caf16 Downloading 90.18MB
 77e21c5caf16 Downloading 90.18MB
 77e21c5caf16 Downloading 90.18MB
 77e21c5caf16 Downloading 90.18MB
 77e21c5caf16 Downloading 90.18MB
 77e21c5caf16 Downloading 90.18MB
 77e21c5caf16 Downloading 90.18MB
 77e21c5caf16 Downloading 90.18MB
 77e21c5caf16 Downloading 90.18MB
 77e21c5caf16 Downloading 90.18MB
 77e21c5caf16 Downloading 90.18MB
 77e21c5caf16 Downloading 90.18MB
 77e21c5caf16 Downloading 90.18MB
 77e21c5caf16 Downloading 90.18MB
 77e21c5caf16 Downloading 90.18MB
 77e21c5caf16 Downloading 90.18MB
 77e21c5caf16 Downloading 90.18MB
 77e21c5caf16 Downloading 90.18MB
 77e21c5caf16 Downloading 90.18MB
 77e21c5caf16 Downloading 90.18MB
 77e21c5caf16 Downloading 90.18MB
 77e21c5caf16 Downloading 90.18MB
 77e21c5caf16 Downloading 90.18MB
 77e21c5caf16 Downloading 90.18MB
 77e21c5caf16 Downloading 91.23MB
 77e21c5caf16 Downloading 91.23MB
 77e21c5caf16 Downloading 91.23MB
 77e21c5caf16 Downloading 91.23MB
 77e21c5caf16 Downloading 91.23MB
 77e21c5caf16 Downloading 91.23MB
 77e21c5caf16 Downloading 91.23MB
 77e21c5caf16 Downloading 91.23MB
 77e21c5caf16 Downloading 91.23MB
 77e21c5caf16 Downloading 91.23MB
 77e21c5caf16 Downloading 91.23MB
 77e21c5caf16 Downloading 91.23MB
 77e21c5caf16 Downloading 91.23MB
 77e21c5caf16 Downloading 91.23MB
 77e21c5caf16 Downloading 91.23MB
 77e21c5caf16 Downloading 91.23MB
 77e21c5caf16 Downloading 91.23MB
 77e21c5caf16 Downloading 91.23MB
 77e21c5caf16 Downloading 91.23MB
 77e21c5caf16 Downloading 91.23MB
 77e21c5caf16 Downloading 91.23MB
 77e21c5caf16 Downloading 91.23MB
 77e21c5caf16 Downloading 91.23MB
 77e21c5caf16 Downloading 92.27MB
 77e21c5caf16 Downloading 92.27MB
 77e21c5caf16 Downloading 92.27MB
 77e21c5caf16 Downloading 92.27MB
 77e21c5caf16 Downloading 92.27MB
 77e21c5caf16 Downloading 92.27MB
 77e21c5caf16 Downloading 92.27MB
 77e21c5caf16 Downloading 92.27MB
 77e21c5caf16 Downloading 92.27MB
 77e21c5caf16 Downloading 92.27MB
 77e21c5caf16 Downloading 92.27MB
 77e21c5caf16 Downloading 92.27MB
 77e21c5caf16 Downloading 92.27MB
 77e21c5caf16 Downloading 92.27MB
 77e21c5caf16 Downloading 92.27MB
 77e21c5caf16 Downloading 92.27MB
 77e21c5caf16 Downloading 92.27MB
 77e21c5caf16 Downloading 92.27MB
 77e21c5caf16 Downloading 92.27MB
 77e21c5caf16 Downloading 92.27MB
 77e21c5caf16 Downloading 92.27MB
 77e21c5caf16 Downloading 92.27MB
 77e21c5caf16 Downloading 92.27MB
 77e21c5caf16 Downloading 92.27MB
 77e21c5caf16 Downloading 92.27MB
 77e21c5caf16 Downloading 92.27MB
 77e21c5caf16 Downloading 92.27MB
 77e21c5caf16 Downloading 92.27MB
 77e21c5caf16 Downloading 93.32MB
 77e21c5caf16 Downloading 93.32MB
 77e21c5caf16 Downloading 93.32MB
 77e21c5caf16 Downloading 93.32MB
 77e21c5caf16 Downloading 93.32MB
 77e21c5caf16 Downloading 93.32MB
 77e21c5caf16 Downloading 93.32MB
 77e21c5caf16 Downloading 93.32MB
 77e21c5caf16 Downloading 93.32MB
 77e21c5caf16 Downloading 93.32MB
 77e21c5caf16 Downloading 93.32MB
 77e21c5caf16 Downloading 93.32MB
 77e21c5caf16 Downloading 93.32MB
 77e21c5caf16 Downloading 93.32MB
 77e21c5caf16 Downloading 93.32MB
 77e21c5caf16 Downloading 93.32MB
 77e21c5caf16 Downloading 93.32MB
 77e21c5caf16 Downloading 93.32MB
 77e21c5caf16 Downloading 93.32MB
 77e21c5caf16 Downloading 93.32MB
 77e21c5caf16 Downloading 93.32MB
 77e21c5caf16 Downloading 93.32MB
 77e21c5caf16 Downloading 93.32MB
 77e21c5caf16 Downloading 93.32MB
 77e21c5caf16 Downloading 93.32MB
 77e21c5caf16 Downloading 93.32MB
 77e21c5caf16 Downloading 93.32MB
 77e21c5caf16 Downloading 93.32MB
 77e21c5caf16 Downloading 94.37MB
 77e21c5caf16 Downloading 94.37MB
 77e21c5caf16 Downloading 94.37MB
 77e21c5caf16 Downloading 94.37MB
 77e21c5caf16 Downloading 94.37MB
 77e21c5caf16 Downloading 94.37MB
 77e21c5caf16 Downloading 94.37MB
 77e21c5caf16 Downloading 94.37MB
 77e21c5caf16 Downloading 94.37MB
 77e21c5caf16 Downloading 94.37MB
 77e21c5caf16 Downloading 94.37MB
 77e21c5caf16 Downloading 94.37MB
 77e21c5caf16 Downloading 94.37MB
 77e21c5caf16 Downloading 94.37MB
 77e21c5caf16 Downloading 94.37MB
 77e21c5caf16 Downloading 94.37MB
 77e21c5caf16 Downloading 94.37MB
 77e21c5caf16 Downloading 94.37MB
 77e21c5caf16 Downloading 94.37MB
 77e21c5caf16 Downloading 94.37MB
 77e21c5caf16 Downloading 94.37MB
 77e21c5caf16 Downloading 94.37MB
 77e21c5caf16 Downloading 94.37MB
 77e21c5caf16 Downloading 94.37MB
 77e21c5caf16 Downloading 94.37MB
 77e21c5caf16 Downloading 94.37MB
 77e21c5caf16 Downloading 94.37MB
 77e21c5caf16 Downloading 94.37MB
 77e21c5caf16 Downloading 94.37MB
 77e21c5caf16 Downloading 94.37MB
 77e21c5caf16 Downloading 94.37MB
 77e21c5caf16 Downloading 94.37MB
 77e21c5caf16 Downloading 94.37MB
 77e21c5caf16 Downloading 94.37MB
 77e21c5caf16 Downloading 94.37MB
 77e21c5caf16 Downloading 94.37MB
 77e21c5caf16 Downloading 94.37MB
 77e21c5caf16 Downloading 94.37MB
 77e21c5caf16 Downloading 94.37MB
 77e21c5caf16 Downloading 94.37MB
 77e21c5caf16 Downloading 94.37MB
 77e21c5caf16 Downloading 94.37MB
 77e21c5caf16 Downloading 94.37MB
 77e21c5caf16 Downloading 94.37MB
 77e21c5caf16 Downloading 94.37MB
 77e21c5caf16 Downloading 94.37MB
 77e21c5caf16 Downloading 94.37MB
 77e21c5caf16 Downloading 94.37MB
 77e21c5caf16 Downloading 94.37MB
 77e21c5caf16 Downloading 94.37MB
 77e21c5caf16 Downloading 94.37MB
 77e21c5caf16 Downloading 94.37MB
 77e21c5caf16 Downloading 94.37MB
 77e21c5caf16 Downloading 94.37MB
 77e21c5caf16 Downloading 94.37MB
 77e21c5caf16 Downloading 94.37MB
 77e21c5caf16 Downloading 94.37MB
 77e21c5caf16 Downloading 94.37MB
 77e21c5caf16 Downloading 95.42MB
 77e21c5caf16 Downloading 95.42MB
 77e21c5caf16 Downloading 95.42MB
 77e21c5caf16 Downloading 95.42MB
 77e21c5caf16 Downloading 95.42MB
 77e21c5caf16 Downloading 95.42MB
 77e21c5caf16 Downloading 95.42MB
 77e21c5caf16 Downloading 95.42MB
 77e21c5caf16 Downloading 95.42MB
 77e21c5caf16 Downloading 95.42MB
 77e21c5caf16 Downloading 95.42MB
 77e21c5caf16 Downloading 95.42MB
 77e21c5caf16 Downloading 95.42MB
 77e21c5caf16 Downloading 95.42MB
 77e21c5caf16 Downloading 95.42MB
 77e21c5caf16 Downloading 95.42MB
 77e21c5caf16 Downloading 95.42MB
 77e21c5caf16 Downloading 95.42MB
 77e21c5caf16 Downloading 95.42MB
 77e21c5caf16 Downloading 95.42MB
 77e21c5caf16 Downloading 95.42MB
 77e21c5caf16 Downloading 95.42MB
 77e21c5caf16 Downloading 95.42MB
 77e21c5caf16 Downloading 95.42MB
 77e21c5caf16 Downloading 95.42MB
 77e21c5caf16 Downloading 95.42MB
 77e21c5caf16 Downloading 95.42MB
 77e21c5caf16 Downloading 95.42MB
 77e21c5caf16 Downloading 95.42MB
 77e21c5caf16 Downloading 95.42MB
 77e21c5caf16 Downloading 95.42MB
 77e21c5caf16 Downloading 95.42MB
 77e21c5caf16 Downloading 95.42MB
 77e21c5caf16 Downloading 95.42MB
 77e21c5caf16 Downloading 95.42MB
 77e21c5caf16 Downloading 95.42MB
 77e21c5caf16 Downloading 95.42MB
 77e21c5caf16 Downloading 95.42MB
 77e21c5caf16 Downloading 95.42MB
 77e21c5caf16 Downloading 95.42MB
 77e21c5caf16 Downloading 95.42MB
 77e21c5caf16 Downloading 95.42MB
 77e21c5caf16 Downloading 95.42MB
 77e21c5caf16 Downloading 95.42MB
 77e21c5caf16 Downloading 95.42MB
 77e21c5caf16 Downloading 95.42MB
 77e21c5caf16 Downloading 95.42MB
 77e21c5caf16 Downloading 95.42MB
 77e21c5caf16 Downloading 95.42MB
 77e21c5caf16 Downloading 95.42MB
 77e21c5caf16 Downloading 95.42MB
 77e21c5caf16 Downloading 95.42MB
 77e21c5caf16 Downloading 95.42MB
 77e21c5caf16 Downloading 95.42MB
 77e21c5caf16 Downloading 95.42MB
 77e21c5caf16 Downloading 95.42MB
 77e21c5caf16 Downloading 95.42MB
 77e21c5caf16 Downloading 95.42MB
 77e21c5caf16 Downloading 95.42MB
 77e21c5caf16 Downloading 95.42MB
 77e21c5caf16 Downloading 95.42MB
 77e21c5caf16 Downloading 96.47MB
 77e21c5caf16 Downloading 96.47MB
 77e21c5caf16 Downloading 96.47MB
 77e21c5caf16 Downloading 96.47MB
 77e21c5caf16 Downloading 96.47MB
 77e21c5caf16 Downloading 96.47MB
 77e21c5caf16 Downloading 96.47MB
 77e21c5caf16 Downloading 96.47MB
 77e21c5caf16 Downloading 96.47MB
 77e21c5caf16 Downloading 96.47MB
 77e21c5caf16 Downloading 96.47MB
 77e21c5caf16 Downloading 96.47MB
 77e21c5caf16 Downloading 96.47MB
 77e21c5caf16 Downloading 96.47MB
 77e21c5caf16 Downloading 96.47MB
 77e21c5caf16 Downloading 96.47MB
 77e21c5caf16 Downloading 96.47MB
 77e21c5caf16 Downloading 96.47MB
 77e21c5caf16 Downloading 96.47MB
 77e21c5caf16 Downloading 96.47MB
 77e21c5caf16 Downloading 96.47MB
 77e21c5caf16 Downloading 96.47MB
 77e21c5caf16 Downloading 96.47MB
 77e21c5caf16 Downloading 96.47MB
 77e21c5caf16 Downloading 96.47MB
 77e21c5caf16 Downloading 96.47MB
 77e21c5caf16 Downloading 96.47MB
 77e21c5caf16 Downloading 96.47MB
 77e21c5caf16 Downloading 96.47MB
 77e21c5caf16 Downloading 96.47MB
 77e21c5caf16 Downloading 96.47MB
 77e21c5caf16 Downloading 96.47MB
 77e21c5caf16 Downloading 96.47MB
 77e21c5caf16 Downloading 96.47MB
 77e21c5caf16 Downloading 96.47MB
 77e21c5caf16 Downloading 96.47MB
 77e21c5caf16 Downloading 96.47MB
 77e21c5caf16 Downloading 96.47MB
 77e21c5caf16 Downloading 96.47MB
 77e21c5caf16 Downloading 96.47MB
 77e21c5caf16 Downloading 96.47MB
 77e21c5caf16 Downloading 96.47MB
 77e21c5caf16 Downloading 96.47MB
 77e21c5caf16 Downloading 96.47MB
 77e21c5caf16 Downloading 96.47MB
 77e21c5caf16 Downloading 96.47MB
 77e21c5caf16 Downloading 96.47MB
 77e21c5caf16 Downloading 96.47MB
 77e21c5caf16 Downloading 96.47MB
 77e21c5caf16 Downloading 97.52MB
 77e21c5caf16 Downloading 97.52MB
 77e21c5caf16 Downloading 97.52MB
 77e21c5caf16 Downloading 97.52MB
 77e21c5caf16 Downloading 97.52MB
 77e21c5caf16 Downloading 97.52MB
 77e21c5caf16 Downloading 97.52MB
 77e21c5caf16 Downloading 97.52MB
 77e21c5caf16 Downloading 97.52MB
 77e21c5caf16 Downloading 97.52MB
 77e21c5caf16 Downloading 97.52MB
 77e21c5caf16 Downloading 97.52MB
 77e21c5caf16 Downloading 97.52MB
 77e21c5caf16 Downloading 97.52MB
 77e21c5caf16 Downloading 97.52MB
 77e21c5caf16 Downloading 97.52MB
 77e21c5caf16 Downloading 97.52MB
 77e21c5caf16 Downloading 97.52MB
 77e21c5caf16 Downloading 97.52MB
 77e21c5caf16 Downloading 97.52MB
 77e21c5caf16 Downloading 97.52MB
 77e21c5caf16 Downloading 97.52MB
 77e21c5caf16 Downloading 97.52MB
 77e21c5caf16 Downloading 97.52MB
 77e21c5caf16 Downloading 97.52MB
 77e21c5caf16 Downloading 97.52MB
 77e21c5caf16 Downloading 97.52MB
 77e21c5caf16 Downloading 97.52MB
 77e21c5caf16 Downloading 97.52MB
 77e21c5caf16 Downloading 98.57MB
 77e21c5caf16 Downloading 98.57MB
 77e21c5caf16 Downloading 98.57MB
 77e21c5caf16 Downloading 98.57MB
 77e21c5caf16 Downloading 98.57MB
 77e21c5caf16 Downloading 98.57MB
 77e21c5caf16 Downloading 98.57MB
 77e21c5caf16 Downloading 98.57MB
 77e21c5caf16 Downloading 98.57MB
 77e21c5caf16 Downloading 98.57MB
 77e21c5caf16 Downloading 98.57MB
 77e21c5caf16 Downloading 98.57MB
 77e21c5caf16 Downloading 98.57MB
 77e21c5caf16 Downloading 98.57MB
 77e21c5caf16 Downloading 99.61MB
 77e21c5caf16 Downloading 99.61MB
 77e21c5caf16 Downloading 99.61MB
 77e21c5caf16 Downloading 99.61MB
 77e21c5caf16 Downloading 99.61MB
 77e21c5caf16 Downloading 99.61MB
 77e21c5caf16 Downloading 99.61MB
 77e21c5caf16 Downloading 99.61MB
 77e21c5caf16 Downloading 99.61MB
 77e21c5caf16 Downloading 100.7MB
 77e21c5caf16 Downloading 100.7MB
 77e21c5caf16 Downloading 100.7MB
 77e21c5caf16 Downloading 100.7MB
 77e21c5caf16 Downloading 100.7MB
 77e21c5caf16 Downloading 100.7MB
 77e21c5caf16 Downloading 100.7MB
 77e21c5caf16 Downloading 101.7MB
 77e21c5caf16 Downloading 101.7MB
 77e21c5caf16 Downloading 101.7MB
 77e21c5caf16 Downloading 101.7MB
 77e21c5caf16 Downloading 101.7MB
 77e21c5caf16 Downloading 101.7MB
 77e21c5caf16 Downloading 101.7MB
 77e21c5caf16 Downloading 102.8MB
 77e21c5caf16 Downloading 102.8MB
 77e21c5caf16 Downloading 102.8MB
 77e21c5caf16 Downloading 102.8MB
 77e21c5caf16 Downloading 102.8MB
 77e21c5caf16 Downloading 102.8MB
 77e21c5caf16 Downloading 102.8MB
 77e21c5caf16 Downloading 102.8MB
 77e21c5caf16 Downloading 103.8MB
 77e21c5caf16 Downloading 103.8MB
 77e21c5caf16 Downloading 103.8MB
 77e21c5caf16 Downloading 103.8MB
 77e21c5caf16 Downloading 103.8MB
 77e21c5caf16 Downloading 103.8MB
 77e21c5caf16 Downloading 103.8MB
 77e21c5caf16 Downloading 104.9MB
 77e21c5caf16 Downloading 104.9MB
 77e21c5caf16 Downloading 104.9MB
 77e21c5caf16 Downloading 104.9MB
 77e21c5caf16 Downloading 104.9MB
 77e21c5caf16 Downloading 104.9MB
 77e21c5caf16 Downloading 104.9MB
 77e21c5caf16 Downloading 105.9MB
 77e21c5caf16 Downloading 105.9MB
 77e21c5caf16 Downloading 105.9MB
 77e21c5caf16 Downloading 105.9MB
 77e21c5caf16 Downloading 105.9MB
 77e21c5caf16 Downloading 105.9MB
 77e21c5caf16 Downloading 105.9MB
 77e21c5caf16 Downloading 105.9MB
 77e21c5caf16 Downloading 105.9MB
 77e21c5caf16 Downloading 107MB
 77e21c5caf16 Downloading 107MB
 77e21c5caf16 Downloading 107MB
 77e21c5caf16 Downloading 107MB
 77e21c5caf16 Downloading 107MB
 77e21c5caf16 Downloading 107MB
 77e21c5caf16 Downloading 107MB
 77e21c5caf16 Downloading 108MB
 77e21c5caf16 Downloading 108MB
 77e21c5caf16 Downloading 108MB
 77e21c5caf16 Downloading 108MB
 77e21c5caf16 Downloading 108MB
 77e21c5caf16 Downloading 108MB
 77e21c5caf16 Downloading 108MB
 77e21c5caf16 Downloading 108MB
 77e21c5caf16 Downloading 109.1MB
 77e21c5caf16 Downloading 109.1MB
 77e21c5caf16 Downloading 109.1MB
 77e21c5caf16 Downloading 109.1MB
 77e21c5caf16 Downloading 109.1MB
 77e21c5caf16 Downloading 109.1MB
 77e21c5caf16 Downloading 109.1MB
 77e21c5caf16 Downloading 110.1MB
 77e21c5caf16 Downloading 110.1MB
 77e21c5caf16 Downloading 110.1MB
 77e21c5caf16 Downloading 110.1MB
 77e21c5caf16 Downloading 110.1MB
 77e21c5caf16 Downloading 110.1MB
 77e21c5caf16 Downloading 110.1MB
 77e21c5caf16 Downloading 111.1MB
 77e21c5caf16 Downloading 111.1MB
 77e21c5caf16 Downloading 111.1MB
 77e21c5caf16 Downloading 111.1MB
 77e21c5caf16 Downloading 111.1MB
 77e21c5caf16 Downloading 111.1MB
 77e21c5caf16 Downloading 111.1MB
 77e21c5caf16 Downloading 111.1MB
 77e21c5caf16 Downloading 112.2MB
 77e21c5caf16 Downloading 112.2MB
 77e21c5caf16 Downloading 112.2MB
 77e21c5caf16 Downloading 112.2MB
 77e21c5caf16 Downloading 112.2MB
 77e21c5caf16 Downloading 112.2MB
 77e21c5caf16 Download complete 0B
 77e21c5caf16 Extracting 1B
 77e21c5caf16 Extracting 1B
 77e21c5caf16 Extracting 1B
 77e21c5caf16 Extracting 1B
 77e21c5caf16 Extracting 1B
 77e21c5caf16 Extracting 1B
 77e21c5caf16 Extracting 1B
 77e21c5caf16 Extracting 1B
 77e21c5caf16 Extracting 1B
 77e21c5caf16 Extracting 1B
 77e21c5caf16 Extracting 2B
 77e21c5caf16 Extracting 2B
 77e21c5caf16 Extracting 2B
 77e21c5caf16 Extracting 2B
 77e21c5caf16 Extracting 2B
 77e21c5caf16 Extracting 2B
 77e21c5caf16 Extracting 2B
 77e21c5caf16 Extracting 2B
 77e21c5caf16 Extracting 2B
 77e21c5caf16 Extracting 2B
 c6154fb0eb00 Pull complete 0B
 e40fd1d2ec35 Pull complete 0B
 c9bb874831b5 Pull complete 0B
 232aaadd6958 Pull complete 0B
 b5062ef65109 Pull complete 0B
 77e21c5caf16 Pull complete 0B
 Image postgres:17 Pulled 
time="2026-09-14T00:22:10+08:00" level=warning msg="buildx Docker CLI plugin not found: falling back to the classic builder. BuildKit-only build features (multi-arch, secrets, ssh, additional contexts, ...) will not be available"
 Image aiea-gate01-web Building 
 Image aiea-gate01-worker Building 
 Image aiea-gate01-worker Building 
 Image aiea-gate01-web Building 
Sending build context to Docker daemon  524.5kBSending build context to Docker daemon  524.5kBSending build context to Docker daemon  623.5kB
Sending build context to Docker daemon  623.5kB
Step 1/27 : FROM node:24.21.0-bookworm-slim AS deps
Step 1/27 : FROM node:24.21.0-bookworm-slim AS deps
 ---> 2fe369e96955
Step 2/27 : WORKDIR /app
 ---> 2fe369e96955
Step 2/27 : WORKDIR /app
 ---> Using cache
 ---> 2e02bd64d5a6
Step 3/27 : RUN corepack enable
 ---> Using cache
 ---> 2e02bd64d5a6
Step 3/27 : RUN corepack enable
 ---> Using cache
 ---> 48f79572ac60
Step 4/27 : COPY package.json pnpm-lock.yaml pnpm-workspace.yaml .npmrc ./
 ---> Using cache
 ---> 48f79572ac60
Step 4/27 : COPY package.json pnpm-lock.yaml pnpm-workspace.yaml .npmrc ./
 ---> Using cache
 ---> 1b21623f1629
 ---> Using cache
 ---> 1b21623f1629
Step 5/27 : COPY prisma/schema.prisma ./prisma/schema.prisma
Step 5/27 : COPY prisma/schema.prisma ./prisma/schema.prisma
 ---> Using cache
 ---> 2f999e1fbff3
Step 6/27 : COPY prisma.config.ts ./
 ---> Using cache
 ---> 2f999e1fbff3
Step 6/27 : COPY prisma.config.ts ./
 ---> Using cache
 ---> 60654a2af868
Step 7/27 : RUN pnpm install --frozen-lockfile
 ---> Using cache
 ---> 60654a2af868
Step 7/27 : RUN pnpm install --frozen-lockfile
 ---> Using cache
 ---> Using cache
 ---> 6e14e290e3b1
Step 8/27 : FROM node:24.21.0-bookworm-slim AS build
 ---> 6e14e290e3b1
Step 8/27 : FROM node:24.21.0-bookworm-slim AS build
 ---> 2fe369e96955
Step 9/27 : WORKDIR /app
 ---> 2fe369e96955
Step 9/27 : WORKDIR /app
 ---> Using cache
 ---> 2e02bd64d5a6
Step 10/27 : RUN corepack enable
 ---> Using cache
 ---> 2e02bd64d5a6
Step 10/27 : RUN corepack enable
 ---> Using cache
 ---> 48f79572ac60
Step 11/27 : COPY --from=deps /app/node_modules ./node_modules
 ---> Using cache
 ---> 48f79572ac60
Step 11/27 : COPY --from=deps /app/node_modules ./node_modules
 ---> Using cache
 ---> Using cache
 ---> 899f6ff58255
Step 12/27 : COPY --from=deps /app/src/generated ./src/generated
 ---> 899f6ff58255
Step 12/27 : COPY --from=deps /app/src/generated ./src/generated
 ---> Using cache
 ---> Using cache
 ---> 81bc617c22d8
Step 13/27 : COPY . .
 ---> 81bc617c22d8
Step 13/27 : COPY . .
 ---> 8c546cac2637
Step 14/27 : ENV NEXT_TELEMETRY_DISABLED=1
 ---> a94da73d149c
Step 14/27 : ENV NEXT_TELEMETRY_DISABLED=1
 ---> Running in 36eabebb9f27
 ---> Running in c86106024d40
 ---> Removed intermediate container 36eabebb9f27
 ---> b3ce5379f940
Step 15/27 : ENV DATABASE_URL=postgres://placeholder:placeholder@127.0.0.1:5432/placeholder
 ---> Removed intermediate container c86106024d40
 ---> c8a9e68029ce
Step 15/27 : ENV DATABASE_URL=postgres://placeholder:placeholder@127.0.0.1:5432/placeholder
 ---> Running in 237611cfca93
 ---> Running in 9ac532f60dc6
 ---> Removed intermediate container 9ac532f60dc6
 ---> 7ac22232ae34
Step 16/27 : ENV BETTER_AUTH_SECRET=build-time-placeholder-not-a-secret
 ---> Removed intermediate container 237611cfca93
 ---> 095550f2fcc9
Step 16/27 : ENV BETTER_AUTH_SECRET=build-time-placeholder-not-a-secret
 ---> Running in a5826883dac6
 ---> Running in f0d65d6a819e
 ---> Removed intermediate container f0d65d6a819e
 ---> cdd7365fa9ae
Step 17/27 : ENV BETTER_AUTH_URL=http://localhost:3000
 ---> Removed intermediate container a5826883dac6
 ---> e6dba1d60cb0
Step 17/27 : ENV BETTER_AUTH_URL=http://localhost:3000
 ---> Running in 7b1efa9c832d
 ---> Running in 7a9eab5658d6
 ---> Removed intermediate container 7b1efa9c832d
 ---> a22dd0b6f5ca
Step 18/27 : RUN pnpm build
 ---> Removed intermediate container 7a9eab5658d6
 ---> 4d1b375c9fee
Step 18/27 : RUN pnpm build
 ---> Running in d83c98f730e3
 ---> Running in 04972d21c911
[91m! Corepack is about to download https://registry.npmjs.org/pnpm/-/pnpm-10.34.5.tgz
[0m[91m! Corepack is about to download https://registry.npmjs.org/pnpm/-/pnpm-10.34.5.tgz
[0m
> ai-ecommerce-assistant@0.1.0 build /app
> next build && pnpm build:worker

▲ Next.js 16.3.5 (Turbopack)
✓ Running next.config.ts took 28ms

  Creating an optimized production build ...

> ai-ecommerce-assistant@0.1.0 build /app
> next build && pnpm build:worker

▲ Next.js 16.3.5 (Turbopack)
✓ Running next.config.ts took 44ms

  Creating an optimized production build ...
✓ Compiled successfully in 21.2s
  Running TypeScript ...
✓ Compiled successfully in 20.8s
  Running TypeScript ...
  Finished TypeScript in 9.7s ...
  Collecting page data using 1 worker ...
  Finished TypeScript in 10.6s ...
  Collecting page data using 1 worker ...
  Generating static pages using 1 worker (0/9) ...
  Generating static pages using 1 worker (0/9) ...
  Generating static pages using 1 worker (2/9) 
  Generating static pages using 1 worker (4/9) 
  Generating static pages using 1 worker (2/9) 
  Generating static pages using 1 worker (4/9) 
  Generating static pages using 1 worker (6/9) 
  Generating static pages using 1 worker (6/9) 
✓ Generating static pages using 1 worker (9/9) in 140ms
  Finalizing page optimization ...
✓ Generating static pages using 1 worker (9/9) in 135ms

  Finalizing page optimization ...

Route (app)
┌ ○ /
├ ○ /_not-found
├ ƒ /api/auth/[...all]
├ ƒ /api/health
├ ƒ /api/v1/invitations
├ ƒ /api/v1/invitations/[idOrToken]
├ ƒ /api/v1/invitations/[idOrToken]/accept
├ ƒ /api/v1/me
├ ƒ /api/v1/me/active-organization
├ ƒ /api/v1/members
├ ƒ /api/v1/members/[id]
├ ƒ /api/v1/organization
├ ƒ /invite/[token]
└ ○ /login


○  (Static)   prerendered as static content
ƒ  (Dynamic)  server-rendered on demand

Route (app)
┌ ○ /
├ ○ /_not-found
├ ƒ /api/auth/[...all]
├ ƒ /api/health
├ ƒ /api/v1/invitations
├ ƒ /api/v1/invitations/[idOrToken]
├ ƒ /api/v1/invitations/[idOrToken]/accept
├ ƒ /api/v1/me
├ ƒ /api/v1/me/active-organization
├ ƒ /api/v1/members
├ ƒ /api/v1/members/[id]
├ ƒ /api/v1/organization
├ ƒ /invite/[token]
└ ○ /login


○  (Static)   prerendered as static content
ƒ  (Dynamic)  server-rendered on demand


> ai-ecommerce-assistant@0.1.0 build:worker /app
> esbuild src/jobs/worker.ts src/jobs/status.ts --bundle --platform=node --target=node24 --format=cjs --outdir=dist/jobs


> ai-ecommerce-assistant@0.1.0 build:worker /app
> esbuild src/jobs/worker.ts src/jobs/status.ts --bundle --platform=node --target=node24 --format=cjs --outdir=dist/jobs

[91m
  dist/jobs/worker.js  1.0mb ⚠️
  dist/jobs/status.js  2.6kb

⚡ Done in 145ms
[0m[91m
  dist/jobs/worker.js  1.0mb ⚠️
  dist/jobs/status.js  2.6kb

⚡ Done in 147ms
[0m ---> Removed intermediate container d83c98f730e3
 ---> 304d1208c988
Step 19/27 : FROM node:24.21.0-bookworm-slim AS runner
 ---> 2fe369e96955
Step 20/27 : WORKDIR /app
 ---> Using cache
 ---> 2e02bd64d5a6
Step 21/27 : RUN corepack enable
 ---> Using cache
 ---> 48f79572ac60
Step 22/27 : ENV NODE_ENV=production
 ---> Using cache
 ---> 2ea6df92d1ca
Step 23/27 : ENV NEXT_TELEMETRY_DISABLED=1
 ---> Removed intermediate container 04972d21c911
 ---> 2926a41f2bac
Step 19/27 : FROM node:24.21.0-bookworm-slim AS runner
 ---> Using cache
 ---> d89b70cca0d5
Step 24/27 : COPY --from=build /app ./
 ---> 2fe369e96955
Step 20/27 : WORKDIR /app
 ---> Using cache
 ---> 2e02bd64d5a6
Step 21/27 : RUN corepack enable
 ---> Using cache
 ---> 48f79572ac60
Step 22/27 : ENV NODE_ENV=production
 ---> Using cache
 ---> 2ea6df92d1ca
Step 23/27 : ENV NEXT_TELEMETRY_DISABLED=1
 ---> Using cache
 ---> d89b70cca0d5
Step 24/27 : COPY --from=build /app ./
 ---> b2943f5bdcc1
 ---> b74dea4f83ee
Step 25/27 : EXPOSE 3000
Step 25/27 : EXPOSE 3000
 ---> Running in a867fb3c5056
 ---> Running in 8eeea840a10d
 ---> Removed intermediate container a867fb3c5056
 ---> ff7c3310ad4e
Step 26/27 : CMD ["pnpm", "start"]
 ---> Removed intermediate container 8eeea840a10d
 ---> cdab4025d524
Step 26/27 : CMD ["pnpm", "start"]
 ---> Running in b89442c74a3e
 ---> Running in 47dd48724e70
 ---> Removed intermediate container 47dd48724e70
 ---> 7e364886dc95
Step 27/27 : LABEL com.docker.compose.image.builder=classic
 ---> Running in 53a695af344c
 ---> Removed intermediate container b89442c74a3e
 ---> da49df28cdd3
Step 27/27 : LABEL com.docker.compose.image.builder=classic
 ---> Running in 1f8d94706290
 ---> Removed intermediate container 53a695af344c
 ---> 8c6257923373
Successfully built 8c6257923373
Successfully tagged aiea-gate01-worker:latest
 Image aiea-gate01-worker Built 
 Image aiea-gate01-worker Built 
 ---> Removed intermediate container 1f8d94706290
 ---> e57e674b2407
Successfully built e57e674b2407
Successfully tagged aiea-gate01-web:latest
 Image aiea-gate01-web Built 
 Image aiea-gate01-web Built 
 Network aiea-gate01_default Creating 
 Volume aiea-gate01_pgdata Creating 
 Volume aiea-gate01_pgdata Creating 
 Network aiea-gate01_default Creating 
 Volume aiea-gate01_pgdata Created 
 Volume aiea-gate01_pgdata Created 
 Network aiea-gate01_default Created 
 Network aiea-gate01_default Created 
 Container aiea-gate01-postgres-1 Creating 
 Container aiea-gate01-postgres-1 Created 
 Container aiea-gate01-web-1 Creating 
 Container aiea-gate01-worker-1 Creating 
 Container aiea-gate01-web-1 Created 
 Container aiea-gate01-worker-1 Created 
 Container aiea-gate01-postgres-1 Starting 
 Container aiea-gate01-postgres-1 Started 
 Container aiea-gate01-postgres-1 Waiting 
 Container aiea-gate01-postgres-1 Waiting 
 Container aiea-gate01-postgres-1 Healthy 
 Container aiea-gate01-postgres-1 Healthy 
 Container aiea-gate01-web-1 Starting 
 Container aiea-gate01-worker-1 Starting 
 Container aiea-gate01-web-1 Started 
 Container aiea-gate01-worker-1 Started 
